day,date,sport,time,edző,klub
Hétfő,2026-08-24,Funkcionális köredzés,06:30-07:30,Fóthi Saci HU/EN,allee
Kedd,2026-08-25,Funkcionális köredzés,06:30-07:30,Auer Bernadett,allee
Szerda,2026-08-26,Stretching,06:30-07:30,Auer Bernadett,allee
Csütörtök,2026-08-27,Funkcionális köredzés,06:30-07:30,Auer Bernadett,allee
Péntek,2026-08-28,TRX köredzés,06:30-07:30,Auer Bernadett,allee
Hétfő,2026-08-24,Alakformáló,07:30-08:30,Fóthi Saci HU/EN,allee
Kedd,2026-08-25,Pilates,07:00-08:00,Kárpáti Ildikó HU/EN,allee
Csütörtök,2026-08-27,Pilates,07:00-08:00,Kárpáti Ildikó HU/EN,allee
Péntek,2026-08-28,Alakformáló,07:30-08:30,Auer Bernadett,allee
Szombat,2026-08-29,Alakformáló,09:00-10:00,Dobos Fanny HU/EN,allee
Szombat,2026-08-29,Funkcionális köredzés,09:00-10:00,Serrano Gergő HU/EN,allee
Hétfő,2026-08-24,Hot Iron I,10:00-11:00,Dobos Fanny HU/EN,allee
Szerda,2026-08-26,Hot Iron I,10:00-11:00,Dobos Fanny HU/EN,allee
Péntek,2026-08-28,Hot Iron I,10:00-11:00,Dobos Fanny HU/EN,allee
Szombat,2026-08-29,Cross Training,10:00-11:00,Serrano Gergő HU/EN,allee
Szombat,2026-08-29,Hot Iron I,10:00-11:00,Dobos Fanny HU/EN,allee
Vasárnap,2026-08-30,Alakformáló,10:00-11:00,Dobos Fanny HU/EN,allee
Vasárnap,2026-08-30,Pilates.,10:00-11:00,Kárpáti Ildikó HU/EN,allee
Kedd,2026-08-25,Stretching.,11:00-12:00,Kovács Laura,allee
Szerda,2026-08-26,Gerinctorna,11:00-12:00,Dobos Fanny HU/EN,allee
Péntek,2026-08-28,Gerinctorna+stretching,11:00-12:00,Dobos Fanny HU/EN,allee
Szombat,2026-08-29,Stretching.,11:00-12:00,Dobos Fanny HU/EN,allee
Vasárnap,2026-08-30,Funkcionális köredzés,11:00-12:00,Jónás Gergely,allee
Vasárnap,2026-08-30,KORCE mobility+stability,11:00-12:00,Dobos Fanny HU/EN,allee
Kedd,2026-08-25,Alakformáló,12:00-13:00,Kovács Laura,allee
Szerda,2026-08-26,Alakformáló,12:00-13:00,Dobos Fanny HU/EN,allee
Kedd,2026-08-25,Alakformáló,16:00-17:00,Dobos Fanny HU/EN,allee
Csütörtök,2026-08-27,Alakformáló,16:00-17:00,Dobos Fanny HU/EN,allee
Vasárnap,2026-08-30,Funkcionális köredzés,16:30-17:30,Virág Vera,allee
Hétfő,2026-08-24,Funkcionális köredzés,17:15-18:15,Virág Vera,allee
Hétfő,2026-08-24,Gerinctorna+stretching,17:30-18:30,Dobsa Beáta HU/EN,allee
Kedd,2026-08-25,Hot Iron I,17:00-18:00,Dobos Fanny HU/EN,allee
Kedd,2026-08-25,Cross Training,17:15-18:15,Virág Vera,allee
Kedd,2026-08-25,Pilates.,17:30-18:30,Kocsomba Nelli ,allee
Szerda,2026-08-26,Alakformáló,17:00-18:00,Ábrahám Zsanna,allee
Szerda,2026-08-26,Funkcionális köredzés,17:15-18:15,Virág Vera,allee
Szerda,2026-08-26,Gerinctorna+stretching,17:30-18:30,Paulovics Adrienn,allee
Csütörtök,2026-08-27,Hot Iron I,17:00-18:00,Dobos Fanny HU/EN,allee
Csütörtök,2026-08-27,Cross Training,17:15-18:15,Szentgyörgyi Lilien,allee
Csütörtök,2026-08-27,Pilates.,17:30-18:30,Kocsomba Nelli ,allee
Péntek,2026-08-28,Alakformáló,17:00-18:00,Dobos Fanny HU/EN,allee
Péntek,2026-08-28,Zumba,17:30-18:30,Jámbor Bea,allee
Szombat,2026-08-29,Pilates.,17:30-18:30,Kárpáti Ildikó HU/EN,allee
Vasárnap,2026-08-30,Hot Iron I,17:00-18:00,Dobos Fanny HU/EN,allee
Hétfő,2026-08-24,Zsírégető,18:00-19:00,Auer Bernadett,allee
Hétfő,2026-08-24,TRX köredzés,18:15-19:15,Vujicsity Viktória,allee
Hétfő,2026-08-24,Yin  jóga,18:30-19:30,Kovács Rózsa ,allee
Kedd,2026-08-25,Alakformáló,18:00-19:00,Dobos Fanny HU/EN,allee
Kedd,2026-08-25,Funkcionális köredzés,18:15-19:15,Vujicsity Viktória,allee
Kedd,2026-08-25,Gerinctorna.,18:30-19:30,Böröcz Anita,allee
Szerda,2026-08-26,Zsírégető,18:00-19:00,Ábrahám Zsanna,allee
Szerda,2026-08-26,TRX,18:15-19:15,Jónás Gergely,allee
Szerda,2026-08-26,Dinamikus jóga,18:30-19:30,Dobsa Beáta HU/EN,allee
Csütörtök,2026-08-27,Alakformáló,18:00-19:00,Dobos Fanny HU/EN,allee
Csütörtök,2026-08-27,TRX köredzés,18:15-19:15,Kaszás Lilla,allee
Csütörtök,2026-08-27,Gerinctorna.,18:30-19:30,Böröcz Anita,allee
Péntek,2026-08-28,Funkcionális köredzés,18:00-19:00,Vujicsity Viktória,allee
Péntek,2026-08-28,Hot Iron I,18:00-19:00,Dobos Fanny HU/EN,allee
Vasárnap,2026-08-30,Alakformáló,18:00-19:00,Dobos Fanny HU/EN,allee
Hétfő,2026-08-24,Cardio Kick-box,19:00-20:00,Kalamár Eszter,allee
Hétfő,2026-08-24,Funkcionális köredzés,19:15-20:15,Vujicsity Viktória,allee
Hétfő,2026-08-24,Pilates.,19:30-20:30,Kovács Rózsa ,allee
Kedd,2026-08-25,Zsírégető,19:00-20:00,Auer Bernadett,allee
Kedd,2026-08-25,TRX köredzés,19:15-20:15,Vujicsity Viktória,allee
Kedd,2026-08-25,Stretching,19:30-20:30,Dobos Fanny HU/EN,allee
Szerda,2026-08-26,Cardio Kick-box,19:00-20:00,Kalamár Eszter,allee
Szerda,2026-08-26,Cross Training,19:15-20:15,Szentgyörgyi Lilien,allee
Szerda,2026-08-26,Dinamikus gerinctorna,19:30-20:30,Virág Vera,allee
Csütörtök,2026-08-27,Zsírégető,19:00-20:00,Auer Bernadett,allee
Csütörtök,2026-08-27,Funkcionális köredzés,19:15-20:15,Kaszás Lilla,allee
Csütörtök,2026-08-27,Stretching,19:30-20:30,Dobos Fanny HU/EN,allee
Péntek,2026-08-28,Kezdő dance step,19:00-20:00,Harnos Erika ,allee
Péntek,2026-08-28,Stretching.,19:00-20:00,Dobos Fanny HU/EN,allee
Péntek,2026-08-28,TRX köredzés,19:00-20:00,Vujicsity Viktória,allee
Hétfő,2026-08-24,Hot Iron I,20:00-21:00,Dobos Fanny HU/EN,allee
Kedd,2026-08-25,Dinamikus gerinctorna,20:00-21:00,Szabó Júlia,allee
Szerda,2026-08-26,Hot Iron I,20:00-21:00,Dobos Fanny HU/EN,allee
Csütörtök,2026-08-27,Dinamikus gerinctorna,20:00-21:00,Auer Bernadett,allee
Hétfő,2026-08-31,Funkcionális köredzés,06:30-07:30,Fóthi Saci HU/EN,allee
Kedd,2026-09-01,Funkcionális köredzés,06:30-07:30,Dán Vanda,allee
Szerda,2026-09-02,Stretching,06:30-07:30,Dán Vanda,allee
Csütörtök,2026-09-03,Funkcionális köredzés,06:30-07:30,Dán Vanda,allee
Péntek,2026-09-04,TRX köredzés,06:30-07:30,Dán Vanda,allee
Hétfő,2026-08-31,Alakformáló,07:30-08:30,Fóthi Saci HU/EN,allee
Kedd,2026-09-01,Pilates,07:00-08:00,Kárpáti Ildikó HU/EN,allee
Csütörtök,2026-09-03,Pilates,07:00-08:00,Kárpáti Ildikó HU/EN,allee
Péntek,2026-09-04,Dinamikus pilates,07:00-08:00,Szabó Csenge,allee
Péntek,2026-09-04,Alakformáló,07:30-08:30,Borbély Beatrix,allee
Szombat,2026-09-05,Alakformáló,09:00-10:00,Dobos Fanny HU/EN,allee
Szombat,2026-09-05,Funkcionális köredzés,09:00-10:00,Serrano Gergő HU/EN,allee
Hétfő,2026-08-31,Hot Iron I,10:00-11:00,Dobos Fanny HU/EN,allee
Szerda,2026-09-02,Hot Iron I,10:00-11:00,Dobos Fanny HU/EN,allee
Péntek,2026-09-04,Hot Iron I,10:00-11:00,Dobos Fanny HU/EN,allee
Szombat,2026-09-05,Cross Training,10:00-11:00,Serrano Gergő HU/EN,allee
Szombat,2026-09-05,Hot Iron I,10:00-11:00,Dobos Fanny HU/EN,allee
Vasárnap,2026-09-06,Alakformáló,10:00-11:00,Dobos Fanny HU/EN,allee
Vasárnap,2026-09-06,Pilates.,10:00-11:00,Reitter Zsófia,allee
Kedd,2026-09-01,Stretching.,11:00-12:00,Kovács Laura,allee
Szerda,2026-09-02,Gerinctorna,11:00-12:00,Dobos Fanny HU/EN,allee
Csütörtök,2026-09-03,Senior torna,11:00-12:00,Béres Réka,allee
Péntek,2026-09-04,Gerinctorna+stretching,11:00-12:00,Kovács Laura,allee
Szombat,2026-09-05,Stretching.,11:00-12:00,Dobos Fanny HU/EN,allee
Vasárnap,2026-09-06,Funkcionális köredzés,11:00-12:00,Jónás Gergely,allee
Vasárnap,2026-09-06,KORCE mobility+stability,11:00-12:00,Dobos Fanny HU/EN,allee
Kedd,2026-09-01,Alakformáló,12:00-13:00,Kovács Laura,allee
Szerda,2026-09-02,Alakformáló,12:00-13:00,Dobos Fanny HU/EN,allee
Csütörtök,2026-09-03,Alakformáló,12:00-13:00,Béres Réka,allee
Kedd,2026-09-01,Alakformáló,16:00-17:00,Dobos Fanny HU/EN,allee
Kedd,2026-09-01,Zumba,16:30-17:30,Oli Renáta,allee
Csütörtök,2026-09-03,Alakformáló,16:00-17:00,Dobos Fanny HU/EN,allee
Csütörtök,2026-09-03,Zumba,16:30-17:30,Oli Renáta,allee
Vasárnap,2026-09-06,Funkcionális köredzés,16:30-17:30,Virág Vera,allee
Hétfő,2026-08-31,Alakformáló,17:00-18:00,Nagy Vivien,allee
Hétfő,2026-08-31,Funkcionális köredzés,17:15-18:15,Virág Vera,allee
Hétfő,2026-08-31,Gerinctorna+stretching,17:30-18:30,Paulovics Adrienn,allee
Kedd,2026-09-01,Hot Iron I,17:00-18:00,Dobos Fanny HU/EN,allee
Kedd,2026-09-01,Cross Training,17:15-18:15,Virág Vera,allee
Kedd,2026-09-01,Pilates.,17:30-18:30,Nagy Vivien,allee
Szerda,2026-09-02,Alakformáló,17:00-18:00,Sándor Zsanett HU/EN,allee
Szerda,2026-09-02,Funkcionális köredzés,17:15-18:15,Virág Vera,allee
Szerda,2026-09-02,Gerinctorna+stretching,17:30-18:30,Paulovics Adrienn,allee
Csütörtök,2026-09-03,Hot Iron I,17:00-18:00,Dobos Fanny HU/EN,allee
Csütörtök,2026-09-03,Cross Training,17:15-18:15,Virág Vera,allee
Csütörtök,2026-09-03,Pilates.,17:30-18:30,Nagy Vivien,allee
Péntek,2026-09-04,Alakformáló,17:00-18:00,Dobos Fanny HU/EN,allee
Péntek,2026-09-04,Zumba,17:30-18:30,Jámbor Bea,allee
Szombat,2026-09-05,Pilates.,17:30-18:30,Reitter Zsófia,allee
Vasárnap,2026-09-06,Hot Iron I,17:00-18:00,Dobos Fanny HU/EN,allee
Hétfő,2026-08-31,Zsírégető,18:00-19:00,Nagy Vivien,allee
Hétfő,2026-08-31,TRX köredzés,18:15-19:15,Vujicsity Viktória,allee
Hétfő,2026-08-31,Yin  jóga,18:30-19:30,Kovács Rózsa ,allee
Kedd,2026-09-01,Alakformáló,18:00-19:00,Dobos Fanny HU/EN,allee
Kedd,2026-09-01,Funkcionális köredzés,18:15-19:15,Vujicsity Viktória,allee
Kedd,2026-09-01,Gerinctorna.,18:30-19:30,Böröcz Anita,allee
Szerda,2026-09-02,Zsírégető,18:00-19:00,Ábrahám Zsanna,allee
Szerda,2026-09-02,TRX,18:15-19:15,Jónás Gergely,allee
Szerda,2026-09-02,Dinamikus jóga,18:30-19:30,Dobsa Beáta HU/EN,allee
Csütörtök,2026-09-03,Alakformáló,18:00-19:00,Dobos Fanny HU/EN,allee
Csütörtök,2026-09-03,TRX köredzés,18:15-19:15,Kaszás Lilla,allee
Csütörtök,2026-09-03,Gerinctorna.,18:30-19:30,Böröcz Anita,allee
Péntek,2026-09-04,Funkcionális köredzés,18:00-19:00,Vujicsity Viktória,allee
Péntek,2026-09-04,Hot Iron I,18:00-19:00,Dobos Fanny HU/EN,allee
Vasárnap,2026-09-06,Alakformáló,18:00-19:00,Dobos Fanny HU/EN,allee
Hétfő,2026-08-31,Cardio Kick-box,19:00-20:00,Kalamár Eszter,allee
Hétfő,2026-08-31,Funkcionális köredzés,19:15-20:15,Vujicsity Viktória,allee
Hétfő,2026-08-31,Pilates.,19:30-20:30,Kovács Rózsa ,allee
Kedd,2026-09-01,Zsírégető,19:00-20:00,Borbély Beatrix,allee
Kedd,2026-09-01,TRX köredzés,19:15-20:15,Vujicsity Viktória,allee
Kedd,2026-09-01,Dinamikus jóga,19:30-20:30,Erdős Réka ,allee
Szerda,2026-09-02,Cardio Kick-box,19:00-20:00,Kalamár Eszter,allee
Szerda,2026-09-02,Cross Training,19:15-20:15,Szentgyörgyi Lilien,allee
Szerda,2026-09-02,Dinamikus gerinctorna,19:30-20:30,Virág Vera,allee
Csütörtök,2026-09-03,Zsírégető,19:00-20:00,Hodosi Tamás,allee
Csütörtök,2026-09-03,Funkcionális köredzés,19:15-20:15,Kaszás Lilla,allee
Csütörtök,2026-09-03,Dinamikus jóga,19:30-20:30,Erdős Réka ,allee
Péntek,2026-09-04,Kezdő dance step,19:00-20:00,Harnos Erika ,allee
Péntek,2026-09-04,Stretching.,19:00-20:00,Dobos Fanny HU/EN,allee
Péntek,2026-09-04,TRX köredzés,19:00-20:00,Vujicsity Viktória,allee
Hétfő,2026-08-31,Hot Iron I,20:00-21:00,Dobos Fanny HU/EN,allee
Kedd,2026-09-01,Dinamikus gerinctorna,20:00-21:00,Fóthi Saci HU/EN,allee
Szerda,2026-09-02,Hot Iron I,20:00-21:00,Dobos Fanny HU/EN,allee
Szerda,2026-08-26,KRAV-MAGA,06:00-07:30,Sira Gyula,nyugati
Csütörtök,2026-08-27,KRAV-MAGA,06:00-07:30,Sira Gyula,nyugati
Péntek,2026-08-28,Cross Training,06:45-07:45,Kárpáti Ildikó HU/EN,nyugati
Hétfő,2026-08-24,Funkcionális köredzés,07:15-08:15,Vatamány Krisztina ,nyugati
Kedd,2026-08-25,Indoor Cycling ICG,07:45-08:45,Králik Eszter HU/EN,nyugati
Szerda,2026-08-26,Funkcionális köredzés,07:15-08:15,Vatamány Krisztina ,nyugati
Péntek,2026-08-28,Indoor Cycling ICG,07:30-08:30,Ujhelyi Zsuzsi HU/EN,nyugati
Péntek,2026-08-28,TRX köredzés,07:45-08:45,Kárpáti Ildikó HU/EN,nyugati
Kedd,2026-08-25,Dinamikus pilates,08:00-09:00,Antal Laura HU/EN,nyugati
Péntek,2026-08-28,Dinamikus pilates,08:00-09:00,Antal Laura HU/EN,nyugati
Szombat,2026-08-29,KRAV-MAGA,08:00-09:30,Sira Gyula,nyugati
Kedd,2026-08-25,Hot Iron Cross,09:00-10:00,Szalka Andi,nyugati
Kedd,2026-08-25,Jóga,09:00-10:00,Antal Laura HU/EN,nyugati
Csütörtök,2026-08-27,Hot Iron II,09:00-10:00,Szalka Andi,nyugati
Csütörtök,2026-08-27,Jóga,09:00-10:00,Palkó Roberta HU/EN,nyugati
Péntek,2026-08-28,Stresszoldó jóga,09:00-10:00,Antal Laura HU/EN,nyugati
Szombat,2026-08-29,BOOSTAR,09:30-10:30,Lebedi Zalán,nyugati
Vasárnap,2026-08-30,Indoor Cycling ICG,09:30-10:30,Králik Eszter HU/EN,nyugati
Szombat,2026-08-29,Giryafit,10:00-11:00,Fischer Gábor HU/EN,nyugati
Szombat,2026-08-29,Indoor Cycling ICG,10:00-11:00,Szalai Ági HU/EN,nyugati
Vasárnap,2026-08-30,Alakformáló,10:00-11:00,Berki Betti ,nyugati
Hétfő,2026-08-24,Core&mobility,11:00-12:00,Palkó Roberta HU/EN,nyugati
Kedd,2026-08-25,Dinamikus gerinctorna,11:30-12:30,Virág Vera,nyugati
Szerda,2026-08-26,Pilates.,11:00-12:00,Völgyes Flávia,nyugati
Szombat,2026-08-29,DEEPWORK & BODYART ,11:00-12:00,Sándor Zsanett HU/EN,nyugati
Vasárnap,2026-08-30,Funkcionális köredzés,11:00-12:00,Szentgyörgyi Lilien,nyugati
Hétfő,2026-08-24,Jóga,12:00-13:00,Palkó Roberta HU/EN,nyugati
Szerda,2026-08-26,Dinamikus jóga.,12:00-13:00,Völgyes Flávia,nyugati
Péntek,2026-08-28,Pilates,12:00-13:00,Csonka Anita ,nyugati
Szombat,2026-08-29,Pilates.,12:00-13:00,Sándor Zsanett HU/EN,nyugati
Péntek,2026-08-28,Pilates.,15:00-16:00,Polányi Petra,nyugati
Vasárnap,2026-08-30,Pilates.,15:45-16:45,Kárpáti Ildikó HU/EN,nyugati
Hétfő,2026-08-24,Pilates.,16:00-17:00,Polányi Petra,nyugati
Hétfő,2026-08-24,TRX köredzés,16:15-17:15,Fábián Roland,nyugati
Hétfő,2026-08-24,Zumba,16:45-17:45,Kovács Andrea,nyugati
Kedd,2026-08-25,Alakformáló,16:00-17:00,Ábrahám Zsanna,nyugati
Kedd,2026-08-25,Indoor Cycling ICG,16:30-17:30,Böröcz Anita,nyugati
Kedd,2026-08-25,Gerinctorna+stretching,16:45-17:45,Kocsis Kata,nyugati
Szerda,2026-08-26,Pilates.,16:00-17:00,Polányi Petra,nyugati
Szerda,2026-08-26,TRX köredzés,16:15-17:15,Fábián Roland,nyugati
Szerda,2026-08-26,Zumba,16:45-17:45,Kovács Andrea,nyugati
Csütörtök,2026-08-27,Alakformáló,16:00-17:00,Ábrahám Zsanna,nyugati
Csütörtök,2026-08-27,Indoor Cycling ICG,16:30-17:30,Böröcz Anita,nyugati
Csütörtök,2026-08-27,Gerinctorna+stretching,16:45-17:45,Kocsis Kata,nyugati
Péntek,2026-08-28,Alakformáló,16:00-17:00,Polányi Petra,nyugati
Péntek,2026-08-28,Jóga & Stretching,16:45-17:45,Dobsa Beáta HU/EN,nyugati
Vasárnap,2026-08-30,Stretching,16:45-17:45,Kárpáti Ildikó HU/EN,nyugati
Hétfő,2026-08-24,Alakformáló,17:00-18:00,Polányi Petra,nyugati
Hétfő,2026-08-24,Funkcionális köredzés,17:15-18:15,Balog Bíborka Bella ,nyugati
Hétfő,2026-08-24,Indoor Cycling ICG,17:30-18:30,Böröcz Anita,nyugati
Hétfő,2026-08-24,Pilates,17:45-18:45,Tornai Piroska HU/EN,nyugati
Kedd,2026-08-25,Zumba,17:00-18:00,Kovács Andrea,nyugati
Kedd,2026-08-25,Cross Training,17:15-18:15,Gerencsér Ágnes,nyugati
Kedd,2026-08-25,Indoor Cycling ICG,17:30-18:30,Kazi Alex,nyugati
Kedd,2026-08-25,Pilates,17:45-18:45,Kocsis Kata,nyugati
Szerda,2026-08-26,Alakformáló,17:00-18:00,Polányi Petra,nyugati
Szerda,2026-08-26,Funkcionális köredzés,17:15-18:15,Balog Bíborka Bella ,nyugati
Szerda,2026-08-26,Indoor Cycling ICG,17:30-18:30,Andavölgyi Gábor,nyugati
Szerda,2026-08-26,Pilates,17:45-18:45,Tornai Piroska HU/EN,nyugati
Csütörtök,2026-08-27,Zumba,17:00-18:00,Kovács Andrea,nyugati
Csütörtök,2026-08-27,Cross Training,17:15-18:15,Gerencsér Ágnes,nyugati
Csütörtök,2026-08-27,Indoor Cycling ICG,17:30-18:30,Kazi Alex,nyugati
Csütörtök,2026-08-27,Pilates,17:45-18:45,Kocsis Kata,nyugati
Péntek,2026-08-28,Hot Iron II,17:00-18:00,Csonka Máté HU/EN,nyugati
Péntek,2026-08-28,Cross Training,17:15-18:30,Balog Bíborka Bella ,nyugati
Péntek,2026-08-28,Indoor Cycling ICG,17:30-18:30,Králik Eszter HU/EN,nyugati
Péntek,2026-08-28,Gerinctorna,17:45-18:45,Dézsi Petra,nyugati
Szombat,2026-08-29,Alakformáló,17:00-18:00,Berki Betti ,nyugati
Vasárnap,2026-08-30,Alakformáló,17:00-18:00,Kis Zsófi,nyugati
Vasárnap,2026-08-30,Gerinctorna,17:45-18:45,Kárpáti Ildikó HU/EN,nyugati
Hétfő,2026-08-24,Hot Iron Cross,18:00-19:00,Csonka Máté HU/EN,nyugati
Hétfő,2026-08-24,TRX köredzés,18:15-19:15,Szőcs Gabi HU/EN,nyugati
Hétfő,2026-08-24,Indoor Cycling ICG,18:30-19:30,Takács Henriett,nyugati
Hétfő,2026-08-24,Gerinctorna+stretching,18:45-19:45,Böröcz Anita,nyugati
Kedd,2026-08-25,Giryafit,18:00-19:00,Fischer Gábor HU/EN,nyugati
Kedd,2026-08-25,TRX köredzés,18:15-19:15,Ajanidisz Teodóra,nyugati
Kedd,2026-08-25,Indoor Cycling ICG,18:30-19:30,Kazi Alex,nyugati
Kedd,2026-08-25,Jóga,18:45-19:45,Kovács Rózsa ,nyugati
Szerda,2026-08-26,Hot Iron II,18:00-19:00,Lebedi Zalán,nyugati
Szerda,2026-08-26,Cross Training,18:15-19:15,Balog Bíborka Bella ,nyugati
Szerda,2026-08-26,Indoor Cycling ICG,18:30-19:30,Takács Henriett,nyugati
Szerda,2026-08-26,Gerinctorna+stretching,18:45-19:45,Palkó Roberta HU/EN,nyugati
Csütörtök,2026-08-27,Giryafit,18:00-19:00,Fischer Gábor HU/EN,nyugati
Csütörtök,2026-08-27,Funkcionális köredzés,18:15-19:15,Vatamány Krisztina ,nyugati
Csütörtök,2026-08-27,Indoor Cycling ICG,18:30-19:30,Kazi Alex,nyugati
Csütörtök,2026-08-27,Jóga,18:45-19:45,Kovács Rózsa ,nyugati
Péntek,2026-08-28,Hot Iron Cross,18:00-19:00,Csonka Máté HU/EN,nyugati
Péntek,2026-08-28,Funkcionális köredzés,18:30-19:30,Fábián Roland,nyugati
Péntek,2026-08-28,Pilates,18:45-19:45,Balog Bíborka Bella ,nyugati
Szombat,2026-08-29,Haladó Step aerobik,18:00-19:00,Tar Edit,nyugati
Vasárnap,2026-08-30,Zsírégető,18:00-19:00,Kis Zsófi,nyugati
Vasárnap,2026-08-30,Funkcionális köredzés,18:15-19:15,Palkó Roberta HU/EN,nyugati
Hétfő,2026-08-24,Alakformáló,19:00-20:00,Vatamány Krisztina ,nyugati
Hétfő,2026-08-24,Indoor Cycling ICG,19:30-20:30,Szalai Ági HU/EN,nyugati
Hétfő,2026-08-24,Flow jóga,19:45-20:45,Szabó Júlia,nyugati
Kedd,2026-08-25,Zsírégető,19:00-20:00,Kabai Petra,nyugati
Kedd,2026-08-25,Pilates,19:45-20:45,Ajanidisz Teodóra,nyugati
Szerda,2026-08-26,Alakformáló,19:00-20:00,Vatamány Krisztina ,nyugati
Szerda,2026-08-26,Funkcionális köredzés,19:15-20:15,Fábián Roland,nyugati
Szerda,2026-08-26,Indoor Cycling ICG,19:30-20:30,Szalai Ági HU/EN,nyugati
Szerda,2026-08-26,Flow jóga,19:45-20:45,Szabó Júlia,nyugati
Csütörtök,2026-08-27,Zsírégető,19:00-20:00,Kabai Petra,nyugati
Csütörtök,2026-08-27,Pilates,19:45-20:45,Völgyes Flávia,nyugati
Péntek,2026-08-28,Zsírégető,19:00-20:00,Berki Betti ,nyugati
Hétfő,2026-08-24,Aerial yoga,20:00-21:00,Angyal Kyra ,nyugati
Kedd,2026-08-25,Alakformáló,20:00-21:00,Berki Betti ,nyugati
Szerda,2026-08-26,Zsírégető,20:00-21:00,Tar Edit,nyugati
Csütörtök,2026-08-27,Alakformáló,20:00-21:00,Berki Betti ,nyugati
Szerda,2026-09-02,KRAV-MAGA,06:00-07:30,Sira Gyula,nyugati
Csütörtök,2026-09-03,KRAV-MAGA,06:00-07:30,Sira Gyula,nyugati
Péntek,2026-09-04,Cross Training,06:45-07:45,Kárpáti Ildikó HU/EN,nyugati
Hétfő,2026-08-31,Funkcionális köredzés,07:15-08:15,Vatamány Krisztina ,nyugati
Kedd,2026-09-01,Indoor Cycling ICG,07:45-08:45,Králik Eszter HU/EN,nyugati
Szerda,2026-09-02,Funkcionális köredzés,07:15-08:15,Vatamány Krisztina ,nyugati
Péntek,2026-09-04,Indoor Cycling ICG,07:30-08:30,Ujhelyi Zsuzsi HU/EN,nyugati
Péntek,2026-09-04,TRX köredzés,07:45-08:45,Kárpáti Ildikó HU/EN,nyugati
Kedd,2026-09-01,Dinamikus pilates,08:00-09:00,Antal Laura HU/EN,nyugati
Péntek,2026-09-04,Dinamikus pilates,08:00-09:00,Antal Laura HU/EN,nyugati
Szombat,2026-09-05,KRAV-MAGA,08:00-09:30,Sira Gyula,nyugati
Kedd,2026-09-01,Hot Iron Cross,09:00-10:00,Szalka Andi,nyugati
Kedd,2026-09-01,Jóga,09:00-10:00,Csonka Anita ,nyugati
Csütörtök,2026-09-03,Hot Iron II,09:00-10:00,Szalka Andi,nyugati
Csütörtök,2026-09-03,Jóga,09:00-10:00,Csonka Anita ,nyugati
Péntek,2026-09-04,Stresszoldó jóga,09:00-10:00,Antal Laura HU/EN,nyugati
Szombat,2026-09-05,BOOSTAR,09:30-10:30,Lebedi Zalán,nyugati
Vasárnap,2026-09-06,Indoor Cycling ICG,09:30-10:30,Králik Eszter HU/EN,nyugati
Szombat,2026-09-05,Giryafit,10:00-11:00,Fischer Gábor HU/EN,nyugati
Szombat,2026-09-05,Indoor Cycling ICG,10:00-11:00,Szalai Ági HU/EN,nyugati
Vasárnap,2026-09-06,Alakformáló,10:00-11:00,Berki Betti ,nyugati
Hétfő,2026-08-31,Core&mobility,11:00-12:00,Palkó Roberta HU/EN,nyugati
Kedd,2026-09-01,Dinamikus gerinctorna,11:30-12:30,Virág Vera,nyugati
Szerda,2026-09-02,Pilates.,11:00-12:00,Erdős Réka ,nyugati
Szombat,2026-09-05,Dinamikus jóga.,11:00-12:00,Szabó Júlia,nyugati
Vasárnap,2026-09-06,Funkcionális köredzés,11:00-12:00,Szentgyörgyi Lilien,nyugati
Hétfő,2026-08-31,Jóga,12:00-13:00,Palkó Roberta HU/EN,nyugati
Kedd,2026-09-01,Alakformáló,12:30-13:30,Virág Vera,nyugati
Szerda,2026-09-02,Dinamikus jóga.,12:00-13:00,Erdős Réka ,nyugati
Péntek,2026-09-04,Pilates,12:00-13:00,Antal Laura HU/EN,nyugati
Péntek,2026-09-04,Alakformáló,12:30-13:30,Virág Vera,nyugati
Szombat,2026-09-05,Gerinctorna,12:00-13:00,Szabó Júlia,nyugati
Péntek,2026-09-04,Pilates.,15:00-16:00,Polányi Petra,nyugati
Vasárnap,2026-09-06,Pilates.,15:45-16:45,Kárpáti Ildikó HU/EN,nyugati
Hétfő,2026-08-31,Pilates.,16:00-17:00,Polányi Petra,nyugati
Hétfő,2026-08-31,TRX köredzés,16:15-17:15,Fábián Roland,nyugati
Hétfő,2026-08-31,Zumba,16:45-17:45,Kovács Andrea,nyugati
Kedd,2026-09-01,Alakformáló,16:00-17:00,Ábrahám Zsanna,nyugati
Kedd,2026-09-01,Indoor Cycling ICG,16:30-17:30,Böröcz Anita,nyugati
Kedd,2026-09-01,Gerinctorna+stretching,16:45-17:45,Kocsis Kata,nyugati
Szerda,2026-09-02,Pilates.,16:00-17:00,Polányi Petra,nyugati
Szerda,2026-09-02,TRX köredzés,16:15-17:15,Fábián Roland,nyugati
Szerda,2026-09-02,Zumba,16:45-17:45,Kovács Andrea,nyugati
Csütörtök,2026-09-03,Alakformáló,16:00-17:00,Ábrahám Zsanna,nyugati
Csütörtök,2026-09-03,Indoor Cycling ICG,16:30-17:30,Böröcz Anita,nyugati
Csütörtök,2026-09-03,Gerinctorna+stretching,16:45-17:45,Kocsis Kata,nyugati
Péntek,2026-09-04,Alakformáló,16:00-17:00,Polányi Petra,nyugati
Péntek,2026-09-04,Jóga & Stretching,16:45-17:45,Dobsa Beáta HU/EN,nyugati
Vasárnap,2026-09-06,Spinning,16:00-17:00,Fischer Gábor HU/EN,nyugati
Vasárnap,2026-09-06,Stretching,16:45-17:45,Kárpáti Ildikó HU/EN,nyugati
Hétfő,2026-08-31,Alakformáló,17:00-18:00,Polányi Petra,nyugati
Hétfő,2026-08-31,Funkcionális köredzés,17:15-18:15,Balog Bíborka Bella ,nyugati
Hétfő,2026-08-31,Indoor Cycling ICG,17:30-18:30,Csonka Anita ,nyugati
Hétfő,2026-08-31,Pilates,17:45-18:45,Tornai Piroska HU/EN,nyugati
Kedd,2026-09-01,Zumba,17:00-18:00,Kovács Andrea,nyugati
Kedd,2026-09-01,Cross Training,17:15-18:15,Gerencsér Ágnes,nyugati
Kedd,2026-09-01,Indoor Cycling ICG,17:30-18:30,Kazi Alex,nyugati
Kedd,2026-09-01,Pilates,17:45-18:45,Kocsis Kata,nyugati
Szerda,2026-09-02,Alakformáló,17:00-18:00,Polányi Petra,nyugati
Szerda,2026-09-02,Funkcionális köredzés,17:15-18:15,Balog Bíborka Bella ,nyugati
Szerda,2026-09-02,Indoor Cycling ICG,17:30-18:30,Csonka Anita ,nyugati
Szerda,2026-09-02,Pilates,17:45-18:45,Tornai Piroska HU/EN,nyugati
Csütörtök,2026-09-03,Zumba,17:00-18:00,Kovács Andrea,nyugati
Csütörtök,2026-09-03,Cross Training,17:15-18:15,Gerencsér Ágnes,nyugati
Csütörtök,2026-09-03,Indoor Cycling ICG,17:30-18:30,Kazi Alex,nyugati
Csütörtök,2026-09-03,Pilates,17:45-18:45,Kocsis Kata,nyugati
Péntek,2026-09-04,Hot Iron Cross,17:00-18:00,Radácsy Petra,nyugati
Péntek,2026-09-04,Cross Training,17:15-18:30,Balog Bíborka Bella ,nyugati
Péntek,2026-09-04,Indoor Cycling ICG,17:30-18:30,Králik Eszter HU/EN,nyugati
Péntek,2026-09-04,Gerinctorna,17:45-18:45,Böröcz Anita,nyugati
Szombat,2026-09-05,Alakformáló,17:00-18:00,Berki Betti ,nyugati
Vasárnap,2026-09-06,Alakformáló,17:00-18:00,Böröcz Anita,nyugati
Vasárnap,2026-09-06,Gerinctorna,17:45-18:45,Kárpáti Ildikó HU/EN,nyugati
Hétfő,2026-08-31,Hot Iron Cross,18:00-19:00,Radácsy Petra,nyugati
Hétfő,2026-08-31,TRX köredzés,18:15-19:15,Serrano Gergő HU/EN,nyugati
Hétfő,2026-08-31,Indoor Cycling ICG,18:30-19:30,Takács Henriett,nyugati
Hétfő,2026-08-31,Gerinctorna+stretching,18:45-19:45,Csonka Anita ,nyugati
Kedd,2026-09-01,Giryafit,18:00-19:00,Fischer Gábor HU/EN,nyugati
Kedd,2026-09-01,TRX köredzés,18:15-19:15,Gerencsér Ágnes,nyugati
Kedd,2026-09-01,Indoor Cycling ICG,18:30-19:30,Kazi Alex,nyugati
Kedd,2026-09-01,Jóga,18:45-19:45,Kovács Rózsa ,nyugati
Szerda,2026-09-02,Hot Iron II,18:00-19:00,Radácsy Petra,nyugati
Szerda,2026-09-02,Cross Training,18:15-19:15,Balog Bíborka Bella ,nyugati
Szerda,2026-09-02,Indoor Cycling ICG,18:30-19:30,Takács Henriett,nyugati
Szerda,2026-09-02,Gerinctorna+stretching,18:45-19:45,Csonka Anita ,nyugati
Csütörtök,2026-09-03,Giryafit,18:00-19:00,Fischer Gábor HU/EN,nyugati
Csütörtök,2026-09-03,Funkcionális köredzés,18:15-19:15,Vatamány Krisztina ,nyugati
Csütörtök,2026-09-03,Indoor Cycling ICG,18:30-19:30,Kazi Alex,nyugati
Csütörtök,2026-09-03,Jóga,18:45-19:45,Kovács Rózsa ,nyugati
Péntek,2026-09-04,Hot Iron I,18:00-19:00,Radácsy Petra,nyugati
Péntek,2026-09-04,Funkcionális köredzés,18:30-19:30,Fábián Roland,nyugati
Péntek,2026-09-04,Pilates,18:45-19:45,Balog Bíborka Bella ,nyugati
Szombat,2026-09-05,Haladó Step aerobik,18:00-19:00,Tar Edit,nyugati
Vasárnap,2026-09-06,Zsírégető,18:00-19:00,Berki Betti ,nyugati
Vasárnap,2026-09-06,Funkcionális köredzés,18:15-19:15,Virág Vera,nyugati
Hétfő,2026-08-31,Alakformáló,19:00-20:00,Vatamány Krisztina ,nyugati
Hétfő,2026-08-31,Cross Training,19:15-20:15,Serrano Gergő HU/EN,nyugati
Hétfő,2026-08-31,Indoor Cycling ICG,19:30-20:30,Szalai Ági HU/EN,nyugati
Hétfő,2026-08-31,Flow jóga,19:45-20:45,Szabó Júlia,nyugati
Kedd,2026-09-01,Zsírégető,19:00-20:00,Kabai Petra,nyugati
Kedd,2026-09-01,Pilates,19:45-20:45,Kovács Rózsa ,nyugati
Szerda,2026-09-02,Alakformáló,19:00-20:00,Vatamány Krisztina ,nyugati
Szerda,2026-09-02,Funkcionális köredzés,19:15-20:15,Fábián Roland,nyugati
Szerda,2026-09-02,Indoor Cycling ICG,19:30-20:30,Szalai Ági HU/EN,nyugati
Szerda,2026-09-02,Flow jóga,19:45-20:45,Szabó Júlia,nyugati
Csütörtök,2026-09-03,Zsírégető,19:00-20:00,Kabai Petra,nyugati
Csütörtök,2026-09-03,Pilates,19:45-20:45,Völgyes Flávia,nyugati
Péntek,2026-09-04,Zsírégető,19:00-20:00,Berki Betti ,nyugati
Hétfő,2026-08-31,Aerial yoga,20:00-21:00,Angyal Kyra ,nyugati
Kedd,2026-09-01,Alakformáló,20:00-21:00,Berki Betti ,nyugati
Szerda,2026-09-02,Zsírégető,20:00-21:00,Tar Edit,nyugati
Csütörtök,2026-09-03,Alakformáló,20:00-21:00,Berki Betti ,nyugati
Hétfő,2026-08-24,TRX köredzés,06:30-07:30,Ujvári Cili,corvin
Szerda,2026-08-26,TRX köredzés,06:30-07:30,Ujvári Cili,corvin
Péntek,2026-08-28,TRX köredzés,06:30-07:30,Ujvári Cili,corvin
Hétfő,2026-08-24,Indoor Cycling ICG,07:00-08:00,Trankó Ida ,corvin
Kedd,2026-08-25,Funkcionális köredzés,07:00-08:00,Trankó Ida ,corvin
Kedd,2026-08-25,Gerinctorna,07:00-08:00,Kocsis Kata,corvin
Kedd,2026-08-25,Indoor Cycling ICG,07:00-08:00,Sas Eszter,corvin
Szerda,2026-08-26,Alakformáló,07:00-08:00,Hankó Nóri,corvin
Szerda,2026-08-26,Indoor Cycling ICG,07:00-08:00,Trankó Ida ,corvin
Szerda,2026-08-26,Funkcionális köredzés,07:30-08:30,Tornai Piroska HU/EN,corvin
Csütörtök,2026-08-27,Funkcionális köredzés,07:00-08:00,Trankó Ida ,corvin
Csütörtök,2026-08-27,Indoor Cycling ICG,07:00-08:00,Sas Eszter,corvin
Csütörtök,2026-08-27,Japán jóga/Do-in,07:00-08:00,Kocsis Kata,corvin
Péntek,2026-08-28,Alakformáló,07:00-08:00,Hankó Nóri,corvin
Péntek,2026-08-28,Gerinctorna+stretching.,07:00-08:00,Kocsis Kata,corvin
Péntek,2026-08-28,Funkcionális köredzés,07:30-08:30,Fóthi Saci HU/EN,corvin
Kedd,2026-08-25,Pilates&stretching,08:00-09:00,Kocsis Kata,corvin
Kedd,2026-08-25,Indoor Cycling ICG,08:30-09:30,Kazi Alex,corvin
Szerda,2026-08-26,Jóga & Stretching,08:00-09:00,Palkó Roberta HU/EN,corvin
Csütörtök,2026-08-27,Indoor Cycling ICG,08:30-09:30,Kazi Alex,corvin
Hétfő,2026-08-24,Alakformáló,09:00-10:00,Kovács Laura,corvin
Kedd,2026-08-25,Cross Training,09:30-10:30,Sas Eszter,corvin
Szerda,2026-08-26,Alakformáló,09:00-10:00,Kovács Laura,corvin
Csütörtök,2026-08-27,Cross Training,09:30-10:30,Sas Eszter,corvin
Péntek,2026-08-28,Alakformáló,09:00-10:00,Fóthi Saci HU/EN,corvin
Szombat,2026-08-29,Alakformáló,09:00-10:00,Paulovics Adrienn,corvin
Szombat,2026-08-29,Dance Step,09:00-10:00,Csonka Anita ,corvin
Vasárnap,2026-08-30,Cross Training,09:30-10:30,Sas Eszter,corvin
Hétfő,2026-08-24,Stretching.,10:00-11:00,Kovács Laura,corvin
Szerda,2026-08-26,Stretching.,10:00-11:00,Kovács Laura,corvin
Péntek,2026-08-28,Jóga,10:00-11:00,Csonka Anita ,corvin
Péntek,2026-08-28,Cross Training,10:30-11:30,Sas Eszter,corvin
Szombat,2026-08-29,Gerinctorna,10:00-11:00,Paulovics Adrienn,corvin
Szombat,2026-08-29,Cross Training,10:30-11:45,Gerencsér Ágnes,corvin
Vasárnap,2026-08-30,Alakformáló,10:00-11:00,Gyurkovics Anikó HU/EN,corvin
Vasárnap,2026-08-30,Indoor Cycling ICG,10:00-11:00,Szabó Nahid HU/EN,corvin
Vasárnap,2026-08-30,Hot Iron II,10:30-11:30,Molnár Dani,corvin
Hétfő,2026-08-24,Giryafit,11:00-12:00,Sas Eszter,corvin
Szerda,2026-08-26,Giryafit,11:00-12:00,Sas Eszter,corvin
Vasárnap,2026-08-30,Kangoo,11:00-12:30,Gyurkovics Anikó HU/EN,corvin
Vasárnap,2026-08-30,Hot Iron Cross,11:30-12:30,Molnár Dani,corvin
Hétfő,2026-08-24,Indoor Cycling ICG,12:00-13:00,Kazi Alex,corvin
Hétfő,2026-08-24,Pilates,12:00-13:00,Kocsis Kata,corvin
Hétfő,2026-08-24,Zsírégető,12:00-13:00,Kalamár Eszter,corvin
Hétfő,2026-08-24,TRX,12:30-13:30,Sas Eszter,corvin
Kedd,2026-08-25,Funkcionális köredzés,12:00-13:00,Kalamár Eszter,corvin
Szerda,2026-08-26,Cross Training,12:00-13:00,Sas Eszter,corvin
Szerda,2026-08-26,Indoor Cycling ICG,12:00-13:00,Kazi Alex,corvin
Szerda,2026-08-26,Pilates,12:00-13:00,Kovács Laura,corvin
Szerda,2026-08-26,Zsírégető,12:00-13:00,Kalamár Eszter,corvin
Csütörtök,2026-08-27,Funkcionális köredzés,12:00-13:00,Kalamár Eszter,corvin
Péntek,2026-08-28,TRX köredzés,12:00-13:00,Kalamár Eszter,corvin
Vasárnap,2026-08-30,Jóga.,12:30-14:00,Palkó Roberta HU/EN,corvin
Hétfő,2026-08-24,Zsírégető,16:00-17:00,Kovács Laura,corvin
Hétfő,2026-08-24,Hot Iron Cross,16:30-17:30,Csonka Máté HU/EN,corvin
Kedd,2026-08-25,Alakformáló,16:00-17:00,Sándor Zsanett HU/EN,corvin
Kedd,2026-08-25,Indoor Cycling ICG,16:30-17:30,Szabó Nahid HU/EN,corvin
Szerda,2026-08-26,Zsírégető,16:00-17:00,Kovács Laura,corvin
Szerda,2026-08-26,Cross Training,16:30-17:30,Vatamány Krisztina ,corvin
Csütörtök,2026-08-27,Alakformáló,16:00-17:00,Sándor Zsanett HU/EN,corvin
Csütörtök,2026-08-27,Indoor Cycling ICG,16:30-17:30,Szabó Nahid HU/EN,corvin
Csütörtök,2026-08-27,TRX köredzés,16:30-17:30,Kovács Laura,corvin
Péntek,2026-08-28,Cross Training,16:30-17:30,Kalamár Eszter,corvin
Szombat,2026-08-29,Pilates,16:00-17:00,Kocsis Kata,corvin
Vasárnap,2026-08-30,Salsa Fitness,16:00-17:00,Osvaldo,corvin
Hétfő,2026-08-24,Dinamikus gerinctorna,17:00-18:00,Kocsis Kata,corvin
Hétfő,2026-08-24,Kismama torna,17:15-18:15,Szalai Ági HU/EN,corvin
Hétfő,2026-08-24,Indoor Cycling ICG,17:30-18:30,Molnár Tibor  HU/EN/DE,corvin
Hétfő,2026-08-24,TRX köredzés,17:30-18:30,Gyurkovics Anikó HU/EN,corvin
Kedd,2026-08-25,DEEPWORK ,17:00-18:00,Majoros Anikó,corvin
Kedd,2026-08-25,Hatha jóga.,17:15-18:15,Kovács Rózsa ,corvin
Kedd,2026-08-25,Intervall Cycling  ICG,17:30-18:30,Kilin Tomi,corvin
Kedd,2026-08-25,TRX köredzés,17:30-18:30,Kovács Laura,corvin
Szerda,2026-08-26,Dinamikus gerinctorna,17:00-18:00,Kocsis Kata,corvin
Szerda,2026-08-26,Cross Training,17:30-18:30,Kovács Laura,corvin
Szerda,2026-08-26,Indoor Cycling ICG,17:30-18:30,Molnár Tibor  HU/EN/DE,corvin
Csütörtök,2026-08-27,DEEPWORK ,17:00-18:00,Majoros Anikó,corvin
Csütörtök,2026-08-27,Hatha jóga.,17:15-18:15,Kovács Rózsa ,corvin
Csütörtök,2026-08-27,Cross Training,17:30-18:30,Kovács Laura,corvin
Csütörtök,2026-08-27,Intervall Cycling  ICG,17:30-18:30,Kilin Tomi,corvin
Péntek,2026-08-28,Kangoo,17:00-18:00,Gyurkovics Anikó HU/EN,corvin
Péntek,2026-08-28,Funkcionális köredzés,17:30-18:30,Sándor Zsanett HU/EN,corvin
Péntek,2026-08-28,Indoor Cycling ICG,17:30-18:30,Szabó Nahid HU/EN,corvin
Péntek,2026-08-28,Pilates.,17:30-18:30,Reitter Zsófia,corvin
Szombat,2026-08-29,Japán jóga/Do-in,17:00-18:00,Kocsis Kata,corvin
Szombat,2026-08-29,Zsírégető,17:00-18:00,Sándor Zsanett HU/EN,corvin
Vasárnap,2026-08-30,Alakformáló,17:00-18:00,Majoros Anikó,corvin
Vasárnap,2026-08-30,Szauna felöntés,17:00-17:20,Szaunamester Corvin,corvin
Vasárnap,2026-08-30,Szauna felöntés,17:50-18:10,Szaunamester Corvin,corvin
Hétfő,2026-08-24,Alakformáló,18:00-19:00,Czigány Betti,corvin
Hétfő,2026-08-24,Pilates.,18:15-19:15,Kocsis Kata,corvin
Hétfő,2026-08-24,Cross Training,18:30-19:30,Kaszás Lilla,corvin
Hétfő,2026-08-24,Indoor Cycling ICG,18:30-19:30,Molnár Tibor  HU/EN/DE,corvin
Kedd,2026-08-25,Full kondi,18:00-19:00,Tornai Piroska HU/EN,corvin
Kedd,2026-08-25,Pilates.,18:15-19:15,Majoros Anikó,corvin
Kedd,2026-08-25,Cross Training,18:30-19:30,Kovács Laura,corvin
Kedd,2026-08-25,Indoor Cycling ICG,18:30-19:30,Kilin Tomi,corvin
Szerda,2026-08-26,Alakformáló,18:00-19:00,Czigány Betti,corvin
Szerda,2026-08-26,Pilates.,18:15-19:15,Kocsis Kata,corvin
Szerda,2026-08-26,Indoor Cycling ICG,18:30-19:30,Molnár Tibor  HU/EN/DE,corvin
Szerda,2026-08-26,TRX köredzés,18:30-19:30,Trankó Ida ,corvin
Csütörtök,2026-08-27,Full kondi,18:00-19:00,Tornai Piroska HU/EN,corvin
Csütörtök,2026-08-27,Pilates.,18:15-19:15,Majoros Anikó,corvin
Csütörtök,2026-08-27,Hot Iron Cross,18:30-19:30,Csonka Máté HU/EN,corvin
Csütörtök,2026-08-27,Indoor Cycling ICG,18:30-19:30,Kilin Tomi,corvin
Péntek,2026-08-28,Alakformáló,18:00-19:00,Gyurkovics Anikó HU/EN,corvin
Péntek,2026-08-28,Indoor Cycling ICG,18:30-19:30,Szabó Nahid HU/EN,corvin
Péntek,2026-08-28,Jóga.,18:30-19:30,Palkó Roberta HU/EN,corvin
Péntek,2026-08-28,TRX köredzés,18:30-19:30,Gerencsér Ágnes,corvin
Szombat,2026-08-29,Alakformáló,18:00-19:00,Sándor Zsanett HU/EN,corvin
Szombat,2026-08-29,Indoor Cycling ICG,18:00-19:00,Molnár Tibor  HU/EN/DE,corvin
Vasárnap,2026-08-30,Pilates,18:00-19:00,Majoros Anikó,corvin
Vasárnap,2026-08-30,Szauna felöntés,18:40-19:00,Szaunamester Corvin,corvin
Hétfő,2026-08-24,Kangoo,19:00-20:00,Gyurkovics Anikó HU/EN,corvin
Hétfő,2026-08-24,Gerinctorna+stretching.,19:15-20:15,Paulovics Adrienn,corvin
Hétfő,2026-08-24,Indoor Cycling ICG,19:30-20:30,Szabó Nahid HU/EN,corvin
Kedd,2026-08-25,Dance Step,19:00-20:00,Harnos Erika ,corvin
Kedd,2026-08-25,BODYART,19:15-20:15,Nyőgér Ági HU/EN,corvin
Kedd,2026-08-25,Indoor Cycling ICG,19:30-20:30,Molnár Tibor  HU/EN/DE,corvin
Kedd,2026-08-25,TRX köredzés,19:30-20:30,Majoros Anikó,corvin
Szerda,2026-08-26,Kangoo,19:00-20:00,Gyurkovics Anikó HU/EN,corvin
Szerda,2026-08-26,Gerinctorna+stretching.,19:15-20:15,Paulovics Adrienn,corvin
Szerda,2026-08-26,Funkcionális köredzés,19:30-20:30,Veres Zsuzsa,corvin
Szerda,2026-08-26,Indoor Cycling ICG,19:30-20:30,Szabó Nahid HU/EN,corvin
Csütörtök,2026-08-27,Alakformáló,19:00-20:00,Hodosi Tamás,corvin
Csütörtök,2026-08-27,BODYART,19:15-20:15,Nyőgér Ági HU/EN,corvin
Csütörtök,2026-08-27,Indoor Cycling ICG,19:30-20:30,Molnár Tibor  HU/EN/DE,corvin
Csütörtök,2026-08-27,TRX köredzés,19:30-21:00,Majoros Anikó,corvin
Péntek,2026-08-28,Salsa Fitness,19:00-20:00,Osvaldo,corvin
Péntek,2026-08-28,Stretching.,19:30-20:30,Gyurkovics Anikó HU/EN,corvin
Vasárnap,2026-08-30,Szauna felöntés,19:30-19:50,Szaunamester Corvin,corvin
Hétfő,2026-08-24,Alakformáló,20:00-21:00,Gyurkovics Anikó HU/EN,corvin
Kedd,2026-08-25,Zsírégető,20:00-21:00,Paulovics Adrienn,corvin
Szerda,2026-08-26,Alakformáló,20:00-21:00,Gyurkovics Anikó HU/EN,corvin
Csütörtök,2026-08-27,Zsírégető,20:00-21:00,Paulovics Adrienn,corvin
Hétfő,2026-08-31,TRX köredzés,06:30-07:30,Ujvári Cili,corvin
Szerda,2026-09-02,TRX köredzés,06:30-07:30,Ujvári Cili,corvin
Péntek,2026-09-04,TRX köredzés,06:30-07:30,Ujvári Cili,corvin
Hétfő,2026-08-31,Indoor Cycling ICG,07:00-08:00,Balázs András HU/EN,corvin
Kedd,2026-09-01,Funkcionális köredzés,07:00-08:00,Trankó Ida ,corvin
Kedd,2026-09-01,Gerinctorna,07:00-08:00,Kocsis Kata,corvin
Kedd,2026-09-01,Indoor Cycling ICG,07:00-08:00,Sas Eszter,corvin
Szerda,2026-09-02,Alakformáló,07:00-08:00,Hankó Nóri,corvin
Szerda,2026-09-02,Indoor Cycling ICG,07:00-08:00,Trankó Ida ,corvin
Csütörtök,2026-09-03,Funkcionális köredzés,07:00-08:00,Trankó Ida ,corvin
Csütörtök,2026-09-03,Indoor Cycling ICG,07:00-08:00,Sas Eszter,corvin
Csütörtök,2026-09-03,Japán jóga/Do-in,07:00-08:00,Kocsis Kata,corvin
Péntek,2026-09-04,Alakformáló,07:00-08:00,Hodosi Tamás,corvin
Péntek,2026-09-04,Gerinctorna+stretching.,07:00-08:00,Kocsis Kata,corvin
Kedd,2026-09-01,Pilates&stretching,08:00-09:00,Kocsis Kata,corvin
Kedd,2026-09-01,Indoor Cycling ICG,08:30-09:30,Kazi Alex,corvin
Szerda,2026-09-02,Jóga & Stretching,08:00-09:00,Csonka Anita ,corvin
Csütörtök,2026-09-03,Indoor Cycling ICG,08:30-09:30,Kazi Alex,corvin
Hétfő,2026-08-31,Alakformáló,09:00-10:00,Sándor Zsanett HU/EN,corvin
Kedd,2026-09-01,Cross Training,09:30-10:30,Sas Eszter,corvin
Szerda,2026-09-02,Alakformáló,09:00-10:00,Kovács Laura,corvin
Csütörtök,2026-09-03,Cross Training,09:30-10:30,Kárpáti Ildikó HU/EN,corvin
Péntek,2026-09-04,Alakformáló,09:00-10:00,Kovács Laura,corvin
Szombat,2026-09-05,Alakformáló,09:00-10:00,Paulovics Adrienn,corvin
Szombat,2026-09-05,Dance Step,09:00-10:00,Csonka Anita ,corvin
Vasárnap,2026-09-06,Cross Training,09:30-10:30,Kárpáti Ildikó HU/EN,corvin
Hétfő,2026-08-31,Stretching.,10:00-11:00,Sándor Zsanett HU/EN,corvin
Szerda,2026-09-02,Stretching.,10:00-11:00,Kovács Laura,corvin
Péntek,2026-09-04,Jóga,10:00-11:00,Palkó Roberta HU/EN,corvin
Péntek,2026-09-04,Cross Training,10:30-11:30,Kalamár Eszter,corvin
Szombat,2026-09-05,Gerinctorna,10:00-11:00,Paulovics Adrienn,corvin
Szombat,2026-09-05,Cross Training,10:30-11:45,Szőcs Gabi HU/EN,corvin
Vasárnap,2026-09-06,Alakformáló,10:00-11:00,Kurcz Móni,corvin
Vasárnap,2026-09-06,Indoor Cycling ICG,10:00-11:00,Szabó Nahid HU/EN,corvin
Vasárnap,2026-09-06,Hot Iron II,10:30-11:30,Molnár Dani,corvin
Hétfő,2026-08-31,Giryafit,11:00-12:00,Sas Eszter,corvin
Szerda,2026-09-02,Giryafit,11:00-12:00,Sas Eszter,corvin
Vasárnap,2026-09-06,Kangoo,11:00-12:30,Kurcz Móni,corvin
Vasárnap,2026-09-06,Hot Iron Cross,11:30-12:30,Molnár Dani,corvin
Hétfő,2026-08-31,Pilates,12:00-13:00,Csonka Anita ,corvin
Hétfő,2026-08-31,Zsírégető,12:00-13:00,Kalamár Eszter,corvin
Hétfő,2026-08-31,TRX,12:30-13:30,Sas Eszter,corvin
Kedd,2026-09-01,Funkcionális köredzés,12:00-13:00,Kalamár Eszter,corvin
Szerda,2026-09-02,Cross Training,12:00-13:00,Sas Eszter,corvin
Szerda,2026-09-02,Indoor Cycling ICG,12:00-13:00,Kazi Alex,corvin
Szerda,2026-09-02,Pilates,12:00-13:00,Csonka Anita ,corvin
Szerda,2026-09-02,Zsírégető,12:00-13:00,Kalamár Eszter,corvin
Csütörtök,2026-09-03,Funkcionális köredzés,12:00-13:00,Kalamár Eszter,corvin
Péntek,2026-09-04,TRX köredzés,12:00-13:00,Kalamár Eszter,corvin
Vasárnap,2026-09-06,Jóga.,12:30-14:00,Palkó Roberta HU/EN,corvin
Hétfő,2026-08-31,Hot Iron Cross,16:30-17:30,Radácsy Petra,corvin
Kedd,2026-09-01,Alakformáló,16:00-17:00,Sándor Zsanett HU/EN,corvin
Kedd,2026-09-01,Indoor Cycling ICG,16:30-17:30,Szabó Nahid HU/EN,corvin
Szerda,2026-09-02,Zsírégető,16:00-17:00,Kovács Laura,corvin
Szerda,2026-09-02,Hot Iron 2,16:30-17:30,Radácsy Petra,corvin
Csütörtök,2026-09-03,Alakformáló,16:00-17:00,Sándor Zsanett HU/EN,corvin
Csütörtök,2026-09-03,Indoor Cycling ICG,16:30-17:30,Szabó Nahid HU/EN,corvin
Csütörtök,2026-09-03,TRX köredzés,16:30-17:30,Kovács Laura,corvin
Péntek,2026-09-04,Cross Training,16:30-17:30,Kalamár Eszter,corvin
Szombat,2026-09-05,Pilates,16:00-17:00,Kocsis Kata,corvin
Vasárnap,2026-09-06,Salsa Fitness,16:00-17:00,Osvaldo,corvin
Hétfő,2026-08-31,Dinamikus gerinctorna,17:00-18:00,Kocsis Kata,corvin
Hétfő,2026-08-31,Kismama torna,17:15-18:15,Szalai Ági HU/EN,corvin
Hétfő,2026-08-31,Indoor Cycling ICG,17:30-18:30,Molnár Tibor  HU/EN/DE,corvin
Hétfő,2026-08-31,TRX köredzés,17:30-18:30,Gyurkovics Anikó HU/EN,corvin
Kedd,2026-09-01,DEEPWORK ,17:00-18:00,Majoros Anikó,corvin
Kedd,2026-09-01,Hatha jóga.,17:15-18:15,Kovács Rózsa ,corvin
Kedd,2026-09-01,Intervall Cycling  ICG,17:30-18:30,Kilin Tomi,corvin
Kedd,2026-09-01,TRX köredzés,17:30-18:30,Kovács Laura,corvin
Szerda,2026-09-02,Dinamikus gerinctorna,17:00-18:00,Kocsis Kata,corvin
Szerda,2026-09-02,Cross Training,17:30-18:30,Kovács Laura,corvin
Szerda,2026-09-02,Indoor Cycling ICG,17:30-18:30,Molnár Tibor  HU/EN/DE,corvin
Csütörtök,2026-09-03,DEEPWORK ,17:00-18:00,Erdélyi Annamari,corvin
Csütörtök,2026-09-03,Hatha jóga.,17:15-18:15,Kovács Rózsa ,corvin
Csütörtök,2026-09-03,Cross Training,17:30-18:30,Kovács Laura,corvin
Csütörtök,2026-09-03,Intervall Cycling  ICG,17:30-18:30,Kilin Tomi,corvin
Péntek,2026-09-04,Kangoo,17:00-18:00,Gyurkovics Anikó HU/EN,corvin
Péntek,2026-09-04,Funkcionális köredzés,17:30-18:30,Sándor Zsanett HU/EN,corvin
Péntek,2026-09-04,Indoor Cycling ICG,17:30-18:30,Szabó Nahid HU/EN,corvin
Péntek,2026-09-04,Pilates.,17:30-18:30,Reitter Zsófia,corvin
Szombat,2026-09-05,Japán jóga/Do-in,17:00-18:00,Kocsis Kata,corvin
Szombat,2026-09-05,Zsírégető,17:00-18:00,Sándor Zsanett HU/EN,corvin
Vasárnap,2026-09-06,Alakformáló,17:00-18:00,Majoros Anikó,corvin
Vasárnap,2026-09-06,Szauna felöntés,17:00-17:20,Szaunamester Corvin,corvin
Vasárnap,2026-09-06,Funkcionális köredzés,17:30-18:30,Kovács Laura,corvin
Vasárnap,2026-09-06,Szauna felöntés,17:50-18:10,Szaunamester Corvin,corvin
Hétfő,2026-08-31,Alakformáló,18:00-19:00,Czigány Betti,corvin
Hétfő,2026-08-31,Pilates.,18:15-19:15,Kocsis Kata,corvin
Hétfő,2026-08-31,Cross Training,18:30-19:30,Kaszás Lilla,corvin
Hétfő,2026-08-31,Indoor Cycling ICG,18:30-19:30,Molnár Tibor  HU/EN/DE,corvin
Kedd,2026-09-01,Full kondi,18:00-19:00,Tornai Piroska HU/EN,corvin
Kedd,2026-09-01,Pilates.,18:15-19:15,Majoros Anikó,corvin
Kedd,2026-09-01,Cross Training,18:30-19:30,Kovács Laura,corvin
Kedd,2026-09-01,Indoor Cycling ICG,18:30-19:30,Kilin Tomi,corvin
Szerda,2026-09-02,Alakformáló,18:00-19:00,Czigány Betti,corvin
Szerda,2026-09-02,Pilates.,18:15-19:15,Kocsis Kata,corvin
Szerda,2026-09-02,Indoor Cycling ICG,18:30-19:30,Molnár Tibor  HU/EN/DE,corvin
Szerda,2026-09-02,TRX köredzés,18:30-19:30,Trankó Ida ,corvin
Csütörtök,2026-09-03,Full kondi,18:00-19:00,Erdélyi Annamari,corvin
Csütörtök,2026-09-03,Pilates.,18:15-19:15,Majoros Anikó,corvin
Csütörtök,2026-09-03,Hot Iron Cross,18:30-19:30,Csonka Máté HU/EN,corvin
Csütörtök,2026-09-03,Indoor Cycling ICG,18:30-19:30,Kilin Tomi,corvin
Péntek,2026-09-04,Alakformáló,18:00-19:00,Gyurkovics Anikó HU/EN,corvin
Péntek,2026-09-04,Indoor Cycling ICG,18:30-19:30,Szabó Nahid HU/EN,corvin
Péntek,2026-09-04,Jóga.,18:30-19:30,Palkó Roberta HU/EN,corvin
Péntek,2026-09-04,TRX köredzés,18:30-19:30,Gerencsér Ágnes,corvin
Szombat,2026-09-05,Alakformáló,18:00-19:00,Sándor Zsanett HU/EN,corvin
Szombat,2026-09-05,Indoor Cycling ICG,18:00-19:00,Molnár Tibor  HU/EN/DE,corvin
Vasárnap,2026-09-06,Pilates,18:00-19:00,Majoros Anikó,corvin
Vasárnap,2026-09-06,Szauna felöntés,18:40-19:00,Szaunamester Corvin,corvin
Hétfő,2026-08-31,Kangoo,19:00-20:00,Gyurkovics Anikó HU/EN,corvin
Hétfő,2026-08-31,Gerinctorna+stretching.,19:15-20:15,Paulovics Adrienn,corvin
Hétfő,2026-08-31,Indoor Cycling ICG,19:30-20:30,Szabó Nahid HU/EN,corvin
Kedd,2026-09-01,Party Fitnesz,19:00-20:00,Lőrincz Ernő,corvin
Kedd,2026-09-01,BODYART,19:15-20:15,Nyőgér Ági HU/EN,corvin
Kedd,2026-09-01,Indoor Cycling ICG,19:30-20:30,Molnár Tibor  HU/EN/DE,corvin
Kedd,2026-09-01,TRX köredzés,19:30-20:30,Majoros Anikó,corvin
Szerda,2026-09-02,Kangoo,19:00-20:00,Gyurkovics Anikó HU/EN,corvin
Szerda,2026-09-02,Gerinctorna+stretching.,19:15-20:15,Paulovics Adrienn,corvin
Szerda,2026-09-02,Funkcionális köredzés,19:30-20:30,Veres Zsuzsa,corvin
Szerda,2026-09-02,Indoor Cycling ICG,19:30-20:30,Szabó Nahid HU/EN,corvin
Csütörtök,2026-09-03,Alakformáló,19:00-20:00,Lőrincz Ernő,corvin
Csütörtök,2026-09-03,BODYART,19:15-20:15,Nyőgér Ági HU/EN,corvin
Csütörtök,2026-09-03,Indoor Cycling ICG,19:30-20:30,Molnár Tibor  HU/EN/DE,corvin
Csütörtök,2026-09-03,TRX köredzés,19:30-21:00,Majoros Anikó,corvin
Péntek,2026-09-04,Salsa Fitness,19:00-20:00,Osvaldo,corvin
Péntek,2026-09-04,Stretching.,19:30-20:30,Gyurkovics Anikó HU/EN,corvin
Vasárnap,2026-09-06,Szauna felöntés,19:30-19:50,Szaunamester Corvin,corvin
Hétfő,2026-08-31,Alakformáló,20:00-21:00,Gyurkovics Anikó HU/EN,corvin
Kedd,2026-09-01,Zsírégető,20:00-21:00,Paulovics Adrienn,corvin
Szerda,2026-09-02,Alakformáló,20:00-21:00,Gyurkovics Anikó HU/EN,corvin
Csütörtök,2026-09-03,Zsírégető,20:00-21:00,Paulovics Adrienn,corvin
Hétfő,2026-08-24,BODYART,07:45-08:45,Gergye Laura ,springday
Hétfő,2026-08-24,Spinning,09:00-10:00,Gergye Laura ,springday
Hétfő,2026-08-31,BODYART,07:45-08:45,Gergye Laura ,springday
Hétfő,2026-08-31,Spinning,09:00-10:00,Gergye Laura ,springday
Hétfő,2026-08-24,Cross Training,06:30-07:30,Borbély Noémi HU/EN,etele
Kedd,2026-08-25,Funkcionális köredzés,06:30-07:30,Kovács Laura,etele
Kedd,2026-08-25,Indoor Cycling ICG,06:45-07:45,Olléh Péter,etele
Szerda,2026-08-26,Cross Training,06:30-07:30,Borbély Noémi HU/EN,etele
Csütörtök,2026-08-27,Funkcionális köredzés,06:30-07:30,Kovács Laura,etele
Péntek,2026-08-28,Cross Training,06:30-07:30,Borbély Noémi HU/EN,etele
Péntek,2026-08-28,Indoor Cycling ICG,06:45-07:45,Olléh Péter,etele
Kedd,2026-08-25,Gerinctorna+stretching,07:30-08:30,Kovács Laura,etele
Csütörtök,2026-08-27,Gerinctorna+stretching,07:30-08:30,Kovács Laura,etele
Péntek,2026-08-28,Pilates,07:30-08:30,Majoros Anikó,etele
Szombat,2026-08-29,Dinamikus jóga,08:45-09:45,Veres Zsuzsa,etele
Szombat,2026-08-29,Runners Gym,09:30-10:30,Szalma Borka,etele
Vasárnap,2026-08-30,Gerinctorna,09:45-10:30,Kárpáti Móni ,etele
Szombat,2026-08-29,Kangoo,10:00-11:00,Horváth Evelin,etele
Szombat,2026-08-29,Funkcionális köredzés,10:30-11:30,Sánta Stella HU/EN,etele
Vasárnap,2026-08-30,Indoor Cycling ICG,10:45-11:45,Kárpáti Móni ,etele
Hétfő,2026-08-24,Gerinctorna,11:00-12:00,Adamkó Szilvi,etele
Kedd,2026-08-25,Funkcionális köredzés,11:30-12:30,Boros Orsolya HU/EN,etele
Szerda,2026-08-26,Gerinctorna,11:00-12:00,Adamkó Szilvi,etele
Csütörtök,2026-08-27,Funkcionális köredzés,11:30-12:30,Boros Orsolya HU/EN,etele
Péntek,2026-08-28,TRX köredzés,11:00-12:00,Adamkó Szilvi,etele
Vasárnap,2026-08-30,Indoor Cycling ICG,11:45-12:45,Kárpáti Móni ,etele
Hétfő,2026-08-24,Zsírégető,12:00-13:00,Adamkó Szilvi,etele
Kedd,2026-08-25,Indoor Cycling ICG,12:00-13:00,Moldova Gyuri HU/EN,etele
Kedd,2026-08-25,Pilates,12:45-13:45,Boros Orsolya HU/EN,etele
Szerda,2026-08-26,Alakformáló,12:00-13:00,Adamkó Szilvi,etele
Csütörtök,2026-08-27,Indoor Cycling ICG,12:00-13:00,Moldova Gyuri HU/EN,etele
Csütörtök,2026-08-27,Pilates,12:45-13:45,Boros Orsolya HU/EN,etele
Péntek,2026-08-28,Alakformáló,12:00-13:00,Adamkó Szilvi,etele
Hétfő,2026-08-24,Pilates,15:45-16:45,Kárpáti Ildikó HU/EN,etele
Szerda,2026-08-26,Pilates,15:45-16:45,Kárpáti Ildikó HU/EN,etele
Hétfő,2026-08-24,Gerinctorna+stretching,16:45-17:45,Kárpáti Ildikó HU/EN,etele
Kedd,2026-08-25,Kezdő funkcionális köredzés ,16:30-17:30,Szentgyörgyi Lilien,etele
Szerda,2026-08-26,Gerinctorna+stretching,16:45-17:45,Kárpáti Ildikó HU/EN,etele
Csütörtök,2026-08-27,Kezdő funkcionális köredzés ,16:30-17:30,Szalma Borka,etele
Csütörtök,2026-08-27,Gerinctorna,16:45-17:45,Auer Bernadett,etele
Péntek,2026-08-28,TRX köredzés,16:30-17:30,Kárpáti Ildikó HU/EN,etele
Hétfő,2026-08-24,Alakformáló,17:00-18:00,Adamkó Szilvi,etele
Hétfő,2026-08-24,Indoor Cycling ICG,17:15-18:15,Olléh Péter,etele
Hétfő,2026-08-24,Funkcionális köredzés,17:30-18:30,Majoros Anikó,etele
Kedd,2026-08-25,Hot Iron Cross,17:00-18:00,Göde Dorka,etele
Kedd,2026-08-25,Indoor Cycling ICG,17:15-18:15,Szőcs Gabi HU/EN,etele
Kedd,2026-08-25,TRX köredzés,17:30-18:30,Gyurkovics Anikó HU/EN,etele
Kedd,2026-08-25,Pilates,17:45-18:45,Reitter Zsófia,etele
Szerda,2026-08-26,Alakformáló,17:00-18:00,Adamkó Szilvi,etele
Szerda,2026-08-26,Indoor Cycling ICG,17:15-18:15,Olléh Péter,etele
Szerda,2026-08-26,Funkcionális köredzés,17:30-18:30,Majoros Anikó,etele
Szerda,2026-08-26,Jóga,17:45-18:45,Veres Zsuzsa,etele
Csütörtök,2026-08-27,Zsírégető,17:00-18:00,Stein Fanni,etele
Csütörtök,2026-08-27,Indoor Cycling ICG,17:15-18:15,Szőcs Gabi HU/EN,etele
Csütörtök,2026-08-27,TRX köredzés,17:30-18:30,Gyurkovics Anikó HU/EN,etele
Csütörtök,2026-08-27,Stretching,17:45-18:45,Auer Bernadett,etele
Péntek,2026-08-28,Alakformáló,17:00-18:00,Auer Bernadett,etele
Péntek,2026-08-28,Funkcionális köredzés,17:30-19:00,Majoros Anikó,etele
Péntek,2026-08-28,Pilates,17:45-18:45,Kárpáti Ildikó HU/EN,etele
Szombat,2026-08-29,Dinamikus pilates,17:00-18:00,Szalma Borka,etele
Vasárnap,2026-08-30,Alakformáló,17:00-18:00,Erdélyi Annamari,etele
Vasárnap,2026-08-30,Zumba,17:00-18:00,Boros Orsolya HU/EN,etele
Vasárnap,2026-08-30,Indoor Cycling ICG,17:15-18:15,Szőcs Gabi HU/EN,etele
Vasárnap,2026-08-30,Funkcionális köredzés,17:30-18:30,Szalma Borka,etele
Hétfő,2026-08-24,Zsírégető,18:00-19:00,Adamkó Szilvi,etele
Hétfő,2026-08-24,Indoor Cycling ICG,18:15-19:15,Olléh Péter,etele
Hétfő,2026-08-24,TRX köredzés,18:30-19:30,Kárpáti Ildikó HU/EN,etele
Hétfő,2026-08-24,Pilates,18:45-19:45,Kovács Laura,etele
Kedd,2026-08-25,Hot Iron I,18:00-19:00,Göde Dorka,etele
Kedd,2026-08-25,Indoor Cycling ICG,18:15-19:15,Kárpáti Móni ,etele
Kedd,2026-08-25,Funkcionális köredzés,18:30-19:30,Szebenyi Szabina,etele
Szerda,2026-08-26,Zsírégető,18:00-19:00,Adamkó Szilvi,etele
Szerda,2026-08-26,Indoor Cycling ICG,18:15-19:15,Olléh Péter,etele
Szerda,2026-08-26,TRX köredzés,18:30-19:30,Kárpáti Ildikó HU/EN,etele
Szerda,2026-08-26,Pilates,18:45-19:45,Majoros Anikó,etele
Csütörtök,2026-08-27,Hot Iron Cross,18:00-19:00,Göde Dorka,etele
Csütörtök,2026-08-27,Indoor Cycling ICG,18:15-19:15,Kárpáti Móni ,etele
Csütörtök,2026-08-27,Funkcionális köredzés,18:30-19:30,Szebenyi Szabina,etele
Csütörtök,2026-08-27,Gerinctorna+stretching,18:45-19:45,Kárpáti Ildikó HU/EN,etele
Péntek,2026-08-28,Indoor Cycling ICG,18:15-19:15,Molnár Tibor  HU/EN/DE,etele
Péntek,2026-08-28,Jóga,18:45-19:45,Boros Orsolya HU/EN,etele
Szombat,2026-08-29,Cross Training,18:00-19:00,Szalma Borka,etele
Vasárnap,2026-08-30,Pilates,18:00-19:00,Boros Orsolya HU/EN,etele
Vasárnap,2026-08-30,Indoor Cycling ICG,18:15-19:15,Szőcs Gabi HU/EN,etele
Hétfő,2026-08-24,Kangoo,19:00-20:00,Petracsek Virág,etele
Hétfő,2026-08-24,Indoor Cycling ICG,19:15-20:15,Adamkó Szilvi,etele
Hétfő,2026-08-24,Cross Training,19:30-20:30,Kárpáti Ildikó HU/EN,etele
Hétfő,2026-08-24,Pilates,19:45-20:45,Majoros Anikó,etele
Kedd,2026-08-25,Alakformáló,19:00-20:00,Gyurkovics Anikó HU/EN,etele
Kedd,2026-08-25,Gerinctorna+stretching,19:00-20:00,Kárpáti Ildikó HU/EN,etele
Kedd,2026-08-25,Cross Training,19:30-20:30,Szőcs Gabi HU/EN,etele
Szerda,2026-08-26,Kangoo,19:00-20:00,Petracsek Virág,etele
Szerda,2026-08-26,Indoor Cycling ICG,19:15-20:15,Adamkó Szilvi,etele
Szerda,2026-08-26,Cross Training,19:30-20:30,Kárpáti Ildikó HU/EN,etele
Szerda,2026-08-26,Pilates,19:45-20:45,Majoros Anikó,etele
Csütörtök,2026-08-27,Alakformáló,19:00-20:00,Gyurkovics Anikó HU/EN,etele
Csütörtök,2026-08-27,Cross Training,19:30-20:30,Szőcs Gabi HU/EN,etele
Péntek,2026-08-28,Cross Training,19:00-20:00,Kárpáti Ildikó HU/EN,etele
Hétfő,2026-08-31,Cross Training,06:30-07:30,Borbély Noémi HU/EN,etele
Kedd,2026-09-01,Funkcionális köredzés,06:30-07:30,Kovács Laura,etele
Kedd,2026-09-01,Indoor Cycling ICG,06:45-07:45,Olléh Péter,etele
Szerda,2026-09-02,Cross Training,06:30-07:30,Borbély Noémi HU/EN,etele
Csütörtök,2026-09-03,Funkcionális köredzés,06:30-07:30,Kovács Laura,etele
Péntek,2026-09-04,Cross Training,06:30-07:30,Borbély Noémi HU/EN,etele
Péntek,2026-09-04,Indoor Cycling ICG,06:45-07:45,Olléh Péter,etele
Hétfő,2026-08-31,Dinamikus pilates,07:00-08:00,Szalma Borka,etele
Kedd,2026-09-01,Gerinctorna+stretching,07:30-08:30,Kovács Laura,etele
Szerda,2026-09-02,Dinamikus pilates,07:00-08:00,Szalma Borka,etele
Csütörtök,2026-09-03,Gerinctorna+stretching,07:30-08:30,Kovács Laura,etele
Péntek,2026-09-04,Pilates,07:30-08:30,Majoros Anikó,etele
Szombat,2026-09-05,DEEPWORK & BODYART ,08:45-09:45,Erdélyi Annamari,etele
Szombat,2026-09-05,Runners Gym,09:30-10:30,Szalma Borka,etele
Vasárnap,2026-09-06,Funkcionális köredzés,09:30-10:30,Kovács Laura,etele
Vasárnap,2026-09-06,Gerinctorna,09:45-10:30,Kárpáti Móni ,etele
Szombat,2026-09-05,Kangoo,10:00-11:00,Horváth Evelin,etele
Szombat,2026-09-05,Funkcionális köredzés,10:30-11:30,Sánta Stella HU/EN,etele
Vasárnap,2026-09-06,Indoor Cycling ICG,10:45-11:45,Kárpáti Móni ,etele
Vasárnap,2026-09-06,Stretching,10:45-11:45,Kovács Laura,etele
Hétfő,2026-08-31,Gerinctorna,11:00-12:00,Adamkó Szilvi,etele
Kedd,2026-09-01,Funkcionális köredzés,11:30-12:30,Boros Orsolya HU/EN,etele
Szerda,2026-09-02,Gerinctorna,11:00-12:00,Adamkó Szilvi,etele
Csütörtök,2026-09-03,Funkcionális köredzés,11:30-12:30,Boros Orsolya HU/EN,etele
Péntek,2026-09-04,TRX köredzés,11:00-12:00,Majoros Anikó,etele
Vasárnap,2026-09-06,Indoor Cycling ICG,11:45-12:45,Kárpáti Móni ,etele
Hétfő,2026-08-31,Zsírégető,12:00-13:00,Adamkó Szilvi,etele
Hétfő,2026-08-31,Funkcionális köredzés,12:30-13:30,Szalma Borka,etele
Kedd,2026-09-01,Indoor Cycling ICG,12:00-13:00,Moldova Gyuri HU/EN,etele
Kedd,2026-09-01,Pilates,12:45-13:45,Boros Orsolya HU/EN,etele
Szerda,2026-09-02,Alakformáló,12:00-13:00,Adamkó Szilvi,etele
Szerda,2026-09-02,Funkcionális köredzés,12:30-13:30,Szalma Borka,etele
Csütörtök,2026-09-03,Indoor Cycling ICG,12:00-13:00,Moldova Gyuri HU/EN,etele
Csütörtök,2026-09-03,Pilates,12:45-13:45,Boros Orsolya HU/EN,etele
Péntek,2026-09-04,Alakformáló,12:00-13:00,Majoros Anikó,etele
Hétfő,2026-08-31,Pilates,15:45-16:45,Kárpáti Ildikó HU/EN,etele
Szerda,2026-09-02,Pilates,15:45-16:45,Kárpáti Ildikó HU/EN,etele
Hétfő,2026-08-31,Gerinctorna+stretching,16:45-17:45,Kárpáti Ildikó HU/EN,etele
Kedd,2026-09-01,Kezdő funkcionális köredzés ,16:30-17:30,Szentgyörgyi Lilien,etele
Kedd,2026-09-01,Dinamikus jóga,16:45-17:45,Erdős Réka ,etele
Szerda,2026-09-02,Gerinctorna+stretching,16:45-17:45,Kárpáti Ildikó HU/EN,etele
Csütörtök,2026-09-03,Kezdő funkcionális köredzés ,16:30-17:30,Szalma Borka,etele
Csütörtök,2026-09-03,Dinamikus jóga,16:45-17:45,Erdős Réka ,etele
Péntek,2026-09-04,TRX köredzés,16:30-17:30,Kárpáti Ildikó HU/EN,etele
Hétfő,2026-08-31,Alakformáló,17:00-18:00,Szabó Csenge,etele
Hétfő,2026-08-31,Indoor Cycling ICG,17:15-18:15,Olléh Péter,etele
Hétfő,2026-08-31,Funkcionális köredzés,17:30-18:30,Majoros Anikó,etele
Kedd,2026-09-01,Zsírégető,17:00-18:00,Szalma Borka,etele
Kedd,2026-09-01,Indoor Cycling ICG,17:15-18:15,Szőcs Gabi HU/EN,etele
Kedd,2026-09-01,TRX köredzés,17:30-18:30,Gyurkovics Anikó HU/EN,etele
Kedd,2026-09-01,Pilates,17:45-18:45,Erdős Réka ,etele
Szerda,2026-09-02,Alakformáló,17:00-18:00,Szabó Csenge,etele
Szerda,2026-09-02,Indoor Cycling ICG,17:15-18:15,Olléh Péter,etele
Szerda,2026-09-02,Funkcionális köredzés,17:30-18:30,Majoros Anikó,etele
Szerda,2026-09-02,Jóga,17:45-18:45,Veres Zsuzsa,etele
Csütörtök,2026-09-03,Zsírégető,17:00-18:00,Stein Fanni,etele
Csütörtök,2026-09-03,Indoor Cycling ICG,17:15-18:15,Szőcs Gabi HU/EN,etele
Csütörtök,2026-09-03,TRX köredzés,17:30-18:30,Gyurkovics Anikó HU/EN,etele
Csütörtök,2026-09-03,Pilates,17:45-18:45,Erdős Réka ,etele
Péntek,2026-09-04,Alakformáló,17:00-18:00,Fóthi Saci HU/EN,etele
Péntek,2026-09-04,Funkcionális köredzés,17:30-19:00,Majoros Anikó,etele
Péntek,2026-09-04,Pilates,17:45-18:45,Kárpáti Ildikó HU/EN,etele
Szombat,2026-09-05,Dinamikus pilates,17:00-18:00,Szalma Borka,etele
Vasárnap,2026-09-06,Alakformáló,17:00-18:00,Berki Betti ,etele
Vasárnap,2026-09-06,Zumba,17:00-18:00,Boros Orsolya HU/EN,etele
Vasárnap,2026-09-06,Indoor Cycling ICG,17:15-18:15,Szőcs Gabi HU/EN,etele
Vasárnap,2026-09-06,Funkcionális köredzés,17:30-18:30,Szalma Borka,etele
Hétfő,2026-08-31,Zsírégető,18:00-19:00,Adamkó Szilvi,etele
Hétfő,2026-08-31,Indoor Cycling ICG,18:15-19:15,Olléh Péter,etele
Hétfő,2026-08-31,TRX köredzés,18:30-19:30,Kárpáti Ildikó HU/EN,etele
Hétfő,2026-08-31,Dinamikus pilates,18:45-19:45,Szalma Borka,etele
Kedd,2026-09-01,Hot Iron I,18:00-19:00,Göde Dorka,etele
Kedd,2026-09-01,Indoor Cycling ICG,18:15-19:15,Kárpáti Móni ,etele
Kedd,2026-09-01,Funkcionális köredzés,18:30-19:30,Szebenyi Szabina,etele
Szerda,2026-09-02,Zsírégető,18:00-19:00,Adamkó Szilvi,etele
Szerda,2026-09-02,Indoor Cycling ICG,18:15-19:15,Olléh Péter,etele
Szerda,2026-09-02,TRX köredzés,18:30-19:30,Kárpáti Ildikó HU/EN,etele
Szerda,2026-09-02,Dinamikus pilates,18:45-19:45,Szalma Borka,etele
Csütörtök,2026-09-03,Hot Iron Cross,18:00-19:00,Göde Dorka,etele
Csütörtök,2026-09-03,Indoor Cycling ICG,18:15-19:15,Kárpáti Móni ,etele
Csütörtök,2026-09-03,Funkcionális köredzés,18:30-19:30,Szebenyi Szabina,etele
Csütörtök,2026-09-03,Gerinctorna+stretching,18:45-19:45,Kárpáti Ildikó HU/EN,etele
Péntek,2026-09-04,Zsírégető,18:00-19:00,Erdélyi Annamari,etele
Péntek,2026-09-04,Indoor Cycling ICG,18:15-19:15,Molnár Tibor  HU/EN/DE,etele
Péntek,2026-09-04,Jóga,18:45-19:45,Boros Orsolya HU/EN,etele
Szombat,2026-09-05,Cross Training,18:00-19:00,Szalma Borka,etele
Vasárnap,2026-09-06,Pilates,18:00-19:00,Boros Orsolya HU/EN,etele
Vasárnap,2026-09-06,Indoor Cycling ICG,18:15-19:15,Szőcs Gabi HU/EN,etele
Hétfő,2026-08-31,Kangoo,19:00-20:00,Petracsek Virág,etele
Hétfő,2026-08-31,Indoor Cycling ICG,19:15-20:15,Adamkó Szilvi,etele
Hétfő,2026-08-31,Cross Training,19:30-20:30,Kárpáti Ildikó HU/EN,etele
Hétfő,2026-08-31,Pilates,19:45-20:45,Majoros Anikó,etele
Kedd,2026-09-01,Alakformáló,19:00-20:00,Gyurkovics Anikó HU/EN,etele
Kedd,2026-09-01,Gerinctorna+stretching,19:00-20:00,Kárpáti Ildikó HU/EN,etele
Kedd,2026-09-01,Cross Training,19:30-20:30,Szőcs Gabi HU/EN,etele
Szerda,2026-09-02,Kangoo,19:00-20:00,Petracsek Virág,etele
Szerda,2026-09-02,Indoor Cycling ICG,19:15-20:15,Adamkó Szilvi,etele
Szerda,2026-09-02,Cross Training,19:30-20:30,Kárpáti Ildikó HU/EN,etele
Szerda,2026-09-02,Pilates,19:45-20:45,Majoros Anikó,etele
Csütörtök,2026-09-03,Alakformáló,19:00-20:00,Gyurkovics Anikó HU/EN,etele
Csütörtök,2026-09-03,Cross Training,19:30-20:30,Szőcs Gabi HU/EN,etele
Péntek,2026-09-04,Cross Training,19:00-20:00,Kárpáti Ildikó HU/EN,etele
Hétfő,2026-08-24,Cross Training,07:30-08:30,Kárpáti Ildikó HU/EN,vaci35
Kedd,2026-08-25,Funkcionális köredzés,07:30-08:30,Tóth Anett,vaci35
Kedd,2026-08-25,Pilates&stretching,07:30-08:30,Szűcs Kata HU/EN,vaci35
Szerda,2026-08-26,Cross Training,07:30-08:30,Kárpáti Ildikó HU/EN,vaci35
Csütörtök,2026-08-27,Funkcionális köredzés,07:30-08:30,Tóth Anett,vaci35
Csütörtök,2026-08-27,Gerinctorna,07:30-08:30,Ujhelyi Zsuzsi HU/EN,vaci35
Péntek,2026-08-28,Funkcionális köredzés,07:30-08:30,Vatamány Krisztina ,vaci35
Péntek,2026-08-28,Pilates,07:30-08:30,Szűcs Kata HU/EN,vaci35
Hétfő,2026-08-24,Pilates,08:30-09:30,Kárpáti Ildikó HU/EN,vaci35
Szerda,2026-08-26,Pilates,08:30-09:30,Kárpáti Ildikó HU/EN,vaci35
Szombat,2026-08-29,Alakformáló,08:30-09:30,Nagy Zsuzsa,vaci35
Kedd,2026-08-25,Pilates gerinc,09:00-10:00,Párdi Erika HU/EN,vaci35
Csütörtök,2026-08-27,Pilates gerinc,09:00-10:00,Párdi Erika HU/EN,vaci35
Hétfő,2026-08-24,Kismama torna,10:00-11:00,Vass Zsófi,vaci35
Kedd,2026-08-25,Mobility & stretching,10:00-11:00,Párdi Erika HU/EN,vaci35
Szerda,2026-08-26,Baba-mama torna,10:00-11:00,Kalló Zsuzsa ,vaci35
Csütörtök,2026-08-27,Mobility & stretching,10:00-11:00,Párdi Erika HU/EN,vaci35
Kedd,2026-08-25,Funkcionális köredzés,12:30-13:30,Fábián Roland,vaci35
Szerda,2026-08-26,TRX köredzés,12:15-13:15,Vass Zsófi,vaci35
Csütörtök,2026-08-27,Funkcionális köredzés,12:30-13:30,Vatamány Krisztina ,vaci35
Hétfő,2026-08-24,Salsa Fitness,16:00-17:00,Osvaldo,vaci35
Kedd,2026-08-25,Funkcionális köredzés,16:00-17:00,Széles Natália,vaci35
Kedd,2026-08-25,Pilates,16:00-17:00,Kárpáti Ildikó HU/EN,vaci35
Csütörtök,2026-08-27,Funkcionális köredzés,16:00-17:00,Széles Natália,vaci35
Csütörtök,2026-08-27,Pilates,16:00-17:00,Kárpáti Ildikó HU/EN,vaci35
Péntek,2026-08-28,Zsírégető,16:00-17:00,Hodosi Tamás,vaci35
Hétfő,2026-08-24,Alakformáló,17:00-18:00,Samu Kriszti,vaci35
Hétfő,2026-08-24,Flow jóga,17:00-18:00,Völgyes Flávia,vaci35
Kedd,2026-08-25,TRX,17:00-18:00,Kárpáti Ildikó HU/EN,vaci35
Kedd,2026-08-25,Zsírégető,17:00-18:00,Kabai Petra,vaci35
Szerda,2026-08-26,Alakformáló,17:00-18:00,Samu Kriszti,vaci35
Szerda,2026-08-26,Gerincjóga,17:00-18:00,Párdi Erika HU/EN,vaci35
Csütörtök,2026-08-27,TRX,17:00-18:00,Nagy Zsuzsa,vaci35
Csütörtök,2026-08-27,Zsírégető,17:00-18:00,Kabai Petra,vaci35
Péntek,2026-08-28,Funkcionális köredzés,17:00-18:00,Borbély Noémi HU/EN,vaci35
Péntek,2026-08-28,Pilates,17:00-18:00,Völgyes Flávia,vaci35
Vasárnap,2026-08-30,Dinamikus jóga,17:00-18:00,Dobsa Beáta HU/EN,vaci35
Vasárnap,2026-08-30,Funkcionális köredzés,17:15-18:15,Serrano Gergő HU/EN,vaci35
Hétfő,2026-08-24,Hot Iron Cross,18:00-19:00,Szalka Andi,vaci35
Hétfő,2026-08-24,Cross Training,18:15-19:15,Kempelen Zita,vaci35
Kedd,2026-08-25,Alakformáló,18:00-19:00,Stein Fanni,vaci35
Kedd,2026-08-25,Cross Training,18:00-19:00,Fábián Roland,vaci35
Szerda,2026-08-26,Hot Iron II,18:00-19:00,Szalka Andi,vaci35
Szerda,2026-08-26,Cross Training,18:15-19:15,Kempelen Zita,vaci35
Csütörtök,2026-08-27,Alakformáló,18:00-19:00,Nagy Zsuzsa,vaci35
Csütörtök,2026-08-27,Cross Training,18:00-19:00,Fábián Roland,vaci35
Péntek,2026-08-28,Jóga & Stretching,18:00-19:00,Völgyes Flávia,vaci35
Péntek,2026-08-28,Alakformáló,18:30-19:30,Molnár Dani,vaci35
Vasárnap,2026-08-30,Alakformáló,18:00-19:00,Berki Betti ,vaci35
Vasárnap,2026-08-30,TRX köredzés,18:15-19:15,Serrano Gergő HU/EN,vaci35
Hétfő,2026-08-24,Zsírégető,19:00-20:00,Molnár Dani,vaci35
Hétfő,2026-08-24,Pilates gerinc,19:15-20:15,Párdi Erika HU/EN,vaci35
Kedd,2026-08-25,Hot Iron Cross,19:00-20:00,Hóbel Timi ,vaci35
Kedd,2026-08-25,Zsákos köredzés,19:00-20:00,Takács Henriett,vaci35
Szerda,2026-08-26,Pilates,19:00-20:00,Völgyes Flávia,vaci35
Szerda,2026-08-26,Funkcionális köredzés,19:15-20:15,Molnár Dani,vaci35
Csütörtök,2026-08-27,Dinamikus gerinctorna,19:00-20:00,Dézsi Petra,vaci35
Csütörtök,2026-08-27,Zsákos köredzés,19:00-20:00,Takács Henriett,vaci35
Péntek,2026-08-28,Zsákos köredzés,19:00-20:00,Takács Henriett,vaci35
Hétfő,2026-08-24,Alakformáló,20:00-21:00,Hodosi Tamás,vaci35
Csütörtök,2026-08-27,Hot Iron I,20:00-21:00,Lebedi Zalán,vaci35
Hétfő,2026-08-31,Cross Training,07:30-08:30,Kárpáti Ildikó HU/EN,vaci35
Kedd,2026-09-01,Funkcionális köredzés,07:30-08:30,Tóth Anett,vaci35
Kedd,2026-09-01,Pilates&stretching,07:30-08:30,Szűcs Kata HU/EN,vaci35
Szerda,2026-09-02,Cross Training,07:30-08:30,Kárpáti Ildikó HU/EN,vaci35
Csütörtök,2026-09-03,Funkcionális köredzés,07:30-08:30,Tóth Anett,vaci35
Csütörtök,2026-09-03,Gerinctorna,07:30-08:30,Ujhelyi Zsuzsi HU/EN,vaci35
Péntek,2026-09-04,Funkcionális köredzés,07:30-08:30,Gerencsér Ágnes,vaci35
Péntek,2026-09-04,Pilates,07:30-08:30,Szűcs Kata HU/EN,vaci35
Hétfő,2026-08-31,Pilates,08:30-09:30,Kárpáti Ildikó HU/EN,vaci35
Szerda,2026-09-02,Pilates,08:30-09:30,Kárpáti Ildikó HU/EN,vaci35
Szombat,2026-09-05,Alakformáló,08:30-09:30,Nagy Zsuzsa,vaci35
Péntek,2026-09-04,Alakformáló,09:00-10:00,Kalló Zsuzsa ,vaci35
Hétfő,2026-08-31,Kismama torna,10:00-11:00,Vass Zsófi,vaci35
Szerda,2026-09-02,Baba-mama torna,10:00-11:00,Kalló Zsuzsa ,vaci35
Hétfő,2026-08-31,TRX köredzés,12:15-13:15,Vass Zsófi,vaci35
Kedd,2026-09-01,Funkcionális köredzés,12:30-13:30,Fábián Roland,vaci35
Szerda,2026-09-02,TRX köredzés,12:15-13:15,Vass Zsófi,vaci35
Csütörtök,2026-09-03,Funkcionális köredzés,12:30-13:30,Vatamány Krisztina ,vaci35
Hétfő,2026-08-31,Salsa Fitness,16:00-17:00,Osvaldo,vaci35
Kedd,2026-09-01,Funkcionális köredzés,16:00-17:00,Széles Natália,vaci35
Kedd,2026-09-01,Pilates,16:00-17:00,Kárpáti Ildikó HU/EN,vaci35
Csütörtök,2026-09-03,Funkcionális köredzés,16:00-17:00,Széles Natália,vaci35
Csütörtök,2026-09-03,Pilates,16:00-17:00,Kárpáti Ildikó HU/EN,vaci35
Péntek,2026-09-04,Zsírégető,16:00-17:00,Hodosi Tamás,vaci35
Hétfő,2026-08-31,Alakformáló,17:00-18:00,Samu Kriszti,vaci35
Hétfő,2026-08-31,Flow jóga,17:00-18:00,Völgyes Flávia,vaci35
Kedd,2026-09-01,TRX,17:00-18:00,Kárpáti Ildikó HU/EN,vaci35
Kedd,2026-09-01,Zsírégető,17:00-18:00,Kabai Petra,vaci35
Szerda,2026-09-02,Alakformáló,17:00-18:00,Samu Kriszti,vaci35
Szerda,2026-09-02,Gerinctorna,17:00-18:00,Dézsi Petra,vaci35
Csütörtök,2026-09-03,TRX,17:00-18:00,Nagy Zsuzsa,vaci35
Csütörtök,2026-09-03,Zsírégető,17:00-18:00,Kabai Petra,vaci35
Péntek,2026-09-04,Funkcionális köredzés,17:00-18:00,Virág Vera,vaci35
Péntek,2026-09-04,Pilates,17:00-18:00,Völgyes Flávia,vaci35
Vasárnap,2026-09-06,Pilates,17:00-18:00,Nagy Vivien,vaci35
Vasárnap,2026-09-06,Funkcionális köredzés,17:15-18:15,Serrano Gergő HU/EN,vaci35
Hétfő,2026-08-31,Hot Iron Cross,18:00-19:00,Szalka Andi,vaci35
Hétfő,2026-08-31,Cross Training,18:15-19:15,Kempelen Zita,vaci35
Kedd,2026-09-01,Alakformáló,18:00-19:00,Stein Fanni,vaci35
Kedd,2026-09-01,Cross Training,18:00-19:00,Fodor Gabriella,vaci35
Szerda,2026-09-02,Hot Iron II,18:00-19:00,Szalka Andi,vaci35
Szerda,2026-09-02,Cross Training,18:15-19:15,Kempelen Zita,vaci35
Csütörtök,2026-09-03,Alakformáló,18:00-19:00,Nagy Zsuzsa,vaci35
Csütörtök,2026-09-03,Cross Training,18:00-19:00,Fodor Gabriella,vaci35
Péntek,2026-09-04,Jóga & Stretching,18:00-19:00,Völgyes Flávia,vaci35
Péntek,2026-09-04,Alakformáló,18:30-19:30,Molnár Dani,vaci35
Vasárnap,2026-09-06,Alakformáló,18:00-19:00,Nagy Vivien,vaci35
Vasárnap,2026-09-06,TRX köredzés,18:15-19:15,Serrano Gergő HU/EN,vaci35
Hétfő,2026-08-31,Zsírégető,19:00-20:00,Molnár Dani,vaci35
Kedd,2026-09-01,Súlyzórudas edzés,19:00-20:00,Hodosi Tamás,vaci35
Kedd,2026-09-01,Zsákos köredzés,19:00-20:00,Takács Henriett,vaci35
Szerda,2026-09-02,Pilates,19:00-20:00,Völgyes Flávia,vaci35
Szerda,2026-09-02,Funkcionális köredzés,19:15-20:15,Molnár Dani,vaci35
Csütörtök,2026-09-03,Dinamikus gerinctorna,19:00-20:00,Virág Vera,vaci35
Csütörtök,2026-09-03,Zsákos köredzés,19:00-20:00,Takács Henriett,vaci35
Péntek,2026-09-04,Zsákos köredzés,19:00-20:00,Takács Henriett,vaci35
Hétfő,2026-08-31,Alakformáló,20:00-21:00,Hodosi Tamás,vaci35
Kedd,2026-09-01,Alakformáló,20:00-21:00,Nagy Vivien,vaci35
Csütörtök,2026-09-03,Hot Iron I,20:00-21:00,Lebedi Zalán,vaci35
